#
# There is insufficient memory for the Java Runtime Environment to continue.
# Native memory allocation (mmap) failed to map 4194304 bytes. Error detail: G1 virtual space
# Possible reasons:
#   The system is out of physical RAM or swap space
#   This process is running with CompressedOops enabled, and the Java Heap may be blocking the growth of the native heap
# Possible solutions:
#   Reduce memory load on the system
#   Increase physical memory or swap space
#   Check if swap backing store is full
#   Decrease Java heap size (-Xmx/-Xms)
#   Decrease number of Java threads
#   Decrease Java thread stack sizes (-Xss)
#   Set larger code cache with -XX:ReservedCodeCacheSize=
#   JVM is running with Zero Based Compressed Oops mode in which the Java heap is
#     placed in the first 32GB address space. The Java Heap base address is the
#     maximum limit for the native heap growth. Please use -XX:HeapBaseMinAddress
#     to set the Java Heap base and to place the Java Heap above 32GB virtual address.
# This output file may be truncated or incomplete.
#
#  Out of Memory Error (os_windows.cpp:3714), pid=46832, tid=19108
#
# JRE version: OpenJDK Runtime Environment Temurin-21.0.11+10 (21.0.11+10) (build 21.0.11+10-LTS)
# Java VM: OpenJDK 64-Bit Server VM Temurin-21.0.11+10 (21.0.11+10-LTS, mixed mode, emulated-client, sharing, tiered, compressed oops, compressed class ptrs, g1 gc, windows-amd64)
# No core dump will be written. Minidumps are not enabled by default on client versions of Windows
#

---------------  S U M M A R Y ------------

Command Line: -XX:TieredStopAtLevel=1 -Dspring.output.ansi.enabled=always -Dcom.sun.management.jmxremote -Dspring.jmx.enabled=true -Dspring.liveBeansView.mbeanDomain -Dspring.application.admin.enabled=true -Dmanagement.endpoints.jmx.exposure.include=* -javaagent:F:\Program Files\JetBrains\IntelliJ IDEA 2026.1\lib\idea_rt.jar=51251 -Dfile.encoding=UTF-8 -Dsun.stdout.encoding=UTF-8 -Dsun.stderr.encoding=UTF-8 com.theblood.springfood.chat.ChatApp

Host: AMD Ryzen 7 H 255 w/ Radeon 780M Graphics, 16 cores, 27G,  Windows 11 , 64 bit Build 26100 (10.0.26100.8367)
Time: Sat May 16 16:13:31 2026 SE Asia Standard Time elapsed time: 40.823509 seconds (0d 0h 0m 40s)

---------------  T H R E A D  ---------------

Current thread (0x000001f60a330aa0):  JavaThread "kafka-admin-client-thread | chat-admin-0" daemon [_thread_in_vm, id=19108, stack(0x00000008de600000,0x00000008de700000) (1024K)]

Stack: [0x00000008de600000,0x00000008de700000]
Native frames: (J=compiled Java code, j=interpreted, Vv=VM code, C=native code)
V  [jvm.dll+0x6d7e19]
V  [jvm.dll+0x8b5096]
V  [jvm.dll+0x8b764e]
V  [jvm.dll+0x8b7d33]
V  [jvm.dll+0x284596]
V  [jvm.dll+0x6d4735]
V  [jvm.dll+0x6c845a]
V  [jvm.dll+0x35ef08]
V  [jvm.dll+0x366b46]
V  [jvm.dll+0x3b792f]
V  [jvm.dll+0x3b7fc4]
V  [jvm.dll+0x3b7b38]
V  [jvm.dll+0x33353e]
V  [jvm.dll+0x33169f]
V  [jvm.dll+0x6675d0]
V  [jvm.dll+0x2438e2]
V  [jvm.dll+0x87baf7]
V  [jvm.dll+0x3df3ba]
C  0x000001f6293e8fa9

The last pc belongs to newarray (printed below).
Java frames: (J=compiled Java code, j=interpreted, Vv=VM code)
j  java.nio.HeapByteBuffer.<init>(IILjava/lang/foreign/MemorySegment;)V+6 java.base@21.0.11
j  java.nio.ByteBuffer.allocate(I)Ljava/nio/ByteBuffer;+16 java.base@21.0.11
j  org.apache.kafka.common.memory.MemoryPool$1.tryAllocate(I)Ljava/nio/ByteBuffer;+1
j  org.apache.kafka.common.network.NetworkReceive.readFrom(Ljava/nio/channels/ScatteringByteChannel;)J+208
j  org.apache.kafka.common.network.KafkaChannel.receive(Lorg/apache/kafka/common/network/NetworkReceive;)J+5
j  org.apache.kafka.common.network.KafkaChannel.read()J+35
j  org.apache.kafka.common.network.Selector.attemptRead(Lorg/apache/kafka/common/network/KafkaChannel;)V+6
j  org.apache.kafka.common.network.Selector.pollSelectionKeys(Ljava/util/Set;ZJ)V+511
j  org.apache.kafka.common.network.Selector.poll(J)V+308
j  org.apache.kafka.clients.NetworkClient.poll(JJ)Ljava/util/List;+104
j  org.apache.kafka.clients.admin.KafkaAdminClient$AdminClientRunnable.processRequests()V+268
j  org.apache.kafka.clients.admin.KafkaAdminClient$AdminClientRunnable.run()V+16
j  java.lang.Thread.runWith(Ljava/lang/Object;Ljava/lang/Runnable;)V+5 java.base@21.0.11
j  java.lang.Thread.run()V+19 java.base@21.0.11
v  ~StubRoutines::call_stub 0x000001f6293d10e7
newarray  188 newarray  [0x000001f6293e8f40, 0x000001f6293e9018]  216 bytes
[MachCode]
  0x000001f6293e8f40: 8b04 2448 | 83c4 0841 | 0fb6 5501 | e805 0000 | 00e9 ab00 | 0000 4c8b | c048 8d44 | 2408 4c89 
  0x000001f6293e8f60: 6dc0 498b | cfc5 f877 | 4989 afb0 | 0300 0049 | 8987 a003 | 0000 4883 | ec20 40f6 | c40f 0f84 
  0x000001f6293e8f80: 1900 0000 | 4883 ec08 | 48b8 90f3 | 357e f87f | 0000 ffd0 | 4883 c408 | e90c 0000 | 0048 b890 
  0x000001f6293e8fa0: f335 7ef8 | 7f00 00ff | d048 83c4 | 2049 c787 | a003 0000 | 0000 0000 | 49c7 87b0 | 0300 0000 
  0x000001f6293e8fc0: 0000 0049 | c787 a803 | 0000 0000 | 0000 c5f8 | 7749 837f | 0800 0f84 | 0500 0000 | e91f 7ffe 
  0x000001f6293e8fe0: ff49 8b87 | f803 0000 | 49c7 87f8 | 0300 0000 | 0000 004c | 8b6d c04c | 8b75 c84e | 8d74 f500 
  0x000001f6293e9000: c341 0fb6 | 5d02 4983 | c502 49ba | 1035 c57e | f87f 0000 | 41ff 24da 
[/MachCode]

---------------  P R O C E S S  ---------------

Threads class SMR info:
_java_thread_list=0x000001f600c37590, length=30, elements={
0x000001f61e99bc60, 0x000001f6385fbec0, 0x000001f638600820, 0x000001f638603a40,
0x000001f6386072e0, 0x000001f638605f30, 0x000001f638606c50, 0x000001f63860bfb0,
0x000001f6386044f0, 0x000001f638607970, 0x000001f638604b80, 0x000001f638605210,
0x000001f6386065c0, 0x000001f6386058a0, 0x000001f67efdcd10, 0x000001f67efdb960,
0x000001f67efdbff0, 0x000001f67efdac40, 0x000001f67efdd3a0, 0x000001f67efd9f20,
0x000001f67efdda30, 0x000001f67efda5b0, 0x000001f67efe0eb0, 0x000001f67efe0190,
0x000001f67efe0820, 0x000001f67efdf470, 0x000001f67efde750, 0x000001f60a3324e0,
0x000001f60a32f6f0, 0x000001f60a330aa0
}

Java Threads: ( => current thread )
  0x000001f61e99bc60 JavaThread "main"                              [_thread_blocked, id=8216, stack(0x00000008dad00000,0x00000008dae00000) (1024K)]
  0x000001f6385fbec0 JavaThread "Reference Handler"          daemon [_thread_blocked, id=24900, stack(0x00000008db500000,0x00000008db600000) (1024K)]
  0x000001f638600820 JavaThread "Finalizer"                  daemon [_thread_blocked, id=20988, stack(0x00000008db600000,0x00000008db700000) (1024K)]
  0x000001f638603a40 JavaThread "Signal Dispatcher"          daemon [_thread_blocked, id=36156, stack(0x00000008db700000,0x00000008db800000) (1024K)]
  0x000001f6386072e0 JavaThread "Attach Listener"            daemon [_thread_blocked, id=24476, stack(0x00000008db800000,0x00000008db900000) (1024K)]
  0x000001f638605f30 JavaThread "Service Thread"             daemon [_thread_blocked, id=41068, stack(0x00000008db900000,0x00000008dba00000) (1024K)]
  0x000001f638606c50 JavaThread "Monitor Deflation Thread"   daemon [_thread_blocked, id=44856, stack(0x00000008dba00000,0x00000008dbb00000) (1024K)]
  0x000001f63860bfb0 JavaThread "C1 CompilerThread0"         daemon [_thread_blocked, id=14844, stack(0x00000008dbb00000,0x00000008dbc00000) (1024K)]
  0x000001f6386044f0 JavaThread "Common-Cleaner"             daemon [_thread_blocked, id=19132, stack(0x00000008dbf00000,0x00000008dc000000) (1024K)]
  0x000001f638607970 JavaThread "Monitor Ctrl-Break"         daemon [_thread_in_native, id=20788, stack(0x00000008dc900000,0x00000008dca00000) (1024K)]
  0x000001f638604b80 JavaThread "Notification Thread"        daemon [_thread_blocked, id=47852, stack(0x00000008dca00000,0x00000008dcb00000) (1024K)]
  0x000001f638605210 JavaThread "RMI TCP Accept-0"           daemon [_thread_in_native, id=44396, stack(0x00000008dcb00000,0x00000008dcc00000) (1024K)]
  0x000001f6386065c0 JavaThread "RMI TCP Connection(1)-192.168.10.11" daemon [_thread_blocked, id=10856, stack(0x00000008dcc00000,0x00000008dcd00000) (1024K)]
  0x000001f6386058a0 JavaThread "RMI Scheduler(0)"           daemon [_thread_blocked, id=26540, stack(0x00000008dcd00000,0x00000008dce00000) (1024K)]
  0x000001f67efdcd10 JavaThread "JMX server connection timeout 43" daemon [_thread_blocked, id=10084, stack(0x00000008dce00000,0x00000008dcf00000) (1024K)]
  0x000001f67efdb960 JavaThread "RMI TCP Connection(2)-192.168.10.11" daemon [_thread_blocked, id=32064, stack(0x00000008dd000000,0x00000008dd100000) (1024K)]
  0x000001f67efdbff0 JavaThread "Thread-0"                          [_thread_blocked, id=51388, stack(0x00000008dd100000,0x00000008dd200000) (1024K)]
  0x000001f67efdac40 JavaThread "restartedMain"                     [_thread_blocked, id=5692, stack(0x00000008dd200000,0x00000008dd300000) (1024K)]
  0x000001f67efdd3a0 JavaThread "logback-1"                  daemon [_thread_blocked, id=48884, stack(0x00000008dd800000,0x00000008dd900000) (1024K)]
  0x000001f67efd9f20 JavaThread "PostgreSQL-JDBC-Cleaner"    daemon [_thread_blocked, id=46732, stack(0x00000008ddc00000,0x00000008ddd00000) (1024K)]
  0x000001f67efdda30 JavaThread "Hikari:housekeeper"         daemon [_thread_blocked, id=51744, stack(0x00000008ddd00000,0x00000008dde00000) (1024K)]
  0x000001f67efda5b0 JavaThread "chat-task-1"                       [_thread_blocked, id=9028, stack(0x00000008dde00000,0x00000008ddf00000) (1024K)]
  0x000001f67efe0eb0 JavaThread "Jndi-Dns-address-change-listener" daemon [_thread_in_native, id=47924, stack(0x00000008dda00000,0x00000008ddb00000) (1024K)]
  0x000001f67efe0190 JavaThread "lettuce-eventExecutorLoop-1-1" daemon [_thread_blocked, id=51000, stack(0x00000008ddb00000,0x00000008ddc00000) (1024K)]
  0x000001f67efe0820 JavaThread "lettuce-timer-3-1"          daemon [_thread_blocked, id=21420, stack(0x00000008ddf00000,0x00000008de000000) (1024K)]
  0x000001f67efdf470 JavaThread "boundedElastic-evictor-1"   daemon [_thread_blocked, id=45524, stack(0x00000008de000000,0x00000008de100000) (1024K)]
  0x000001f67efde750 JavaThread "spring.cloud.inetutils"     daemon [_thread_blocked, id=41464, stack(0x00000008de200000,0x00000008de300000) (1024K)]
  0x000001f60a3324e0 JavaThread "BatchLogRecordProcessor_WorkerThread-1" daemon [_thread_blocked, id=42580, stack(0x00000008de400000,0x00000008de500000) (1024K)]
  0x000001f60a32f6f0 JavaThread "File Watcher"               daemon [_thread_blocked, id=41852, stack(0x00000008de500000,0x00000008de600000) (1024K)]
=>0x000001f60a330aa0 JavaThread "kafka-admin-client-thread | chat-admin-0" daemon [_thread_in_vm, id=19108, stack(0x00000008de600000,0x00000008de700000) (1024K)]
Total: 30

Other Threads:
  0x000001f6385e1580 VMThread "VM Thread"                           [id=30836, stack(0x00000008db400000,0x00000008db500000) (1024K)] _threads_hazard_ptr=0x000001f600c37590
  0x000001f6357f2f00 WatcherThread "VM Periodic Task Thread"        [id=36432, stack(0x00000008db300000,0x00000008db400000) (1024K)]
  0x000001f635638900 WorkerThread "GC Thread#0"                     [id=33528, stack(0x00000008dae00000,0x00000008daf00000) (1024K)]
  0x000001f67e858700 WorkerThread "GC Thread#1"                     [id=25464, stack(0x00000008dc000000,0x00000008dc100000) (1024K)]
  0x000001f67e858ab0 WorkerThread "GC Thread#2"                     [id=46448, stack(0x00000008dc100000,0x00000008dc200000) (1024K)]
  0x000001f67e858e60 WorkerThread "GC Thread#3"                     [id=10656, stack(0x00000008dc200000,0x00000008dc300000) (1024K)]
  0x000001f67e859c40 WorkerThread "GC Thread#4"                     [id=45164, stack(0x00000008dc300000,0x00000008dc400000) (1024K)]
  0x000001f67e85a810 WorkerThread "GC Thread#5"                     [id=50888, stack(0x00000008dc400000,0x00000008dc500000) (1024K)]
  0x000001f67e860560 WorkerThread "GC Thread#6"                     [id=50544, stack(0x00000008dc500000,0x00000008dc600000) (1024K)]
  0x000001f67e85ef40 WorkerThread "GC Thread#7"                     [id=36424, stack(0x00000008dc600000,0x00000008dc700000) (1024K)]
  0x000001f67e85fa50 WorkerThread "GC Thread#8"                     [id=27464, stack(0x00000008dc700000,0x00000008dc800000) (1024K)]
  0x000001f67e860910 WorkerThread "GC Thread#9"                     [id=24980, stack(0x00000008dc800000,0x00000008dc900000) (1024K)]
  0x000001f67f0a3790 WorkerThread "GC Thread#10"                    [id=36316, stack(0x00000008dcf00000,0x00000008dd000000) (1024K)]
  0x000001f67f0a3b40 WorkerThread "GC Thread#11"                    [id=35304, stack(0x00000008dd400000,0x00000008dd500000) (1024K)]
  0x000001f67f0a4a00 WorkerThread "GC Thread#12"                    [id=24584, stack(0x00000008dd500000,0x00000008dd600000) (1024K)]
  0x000001f620d43b20 ConcurrentGCThread "G1 Main Marker"            [id=43736, stack(0x00000008daf00000,0x00000008db000000) (1024K)]
  0x000001f620d45b90 WorkerThread "G1 Conc#0"                       [id=4964, stack(0x00000008db000000,0x00000008db100000) (1024K)]
  0x000001f67f0a28d0 WorkerThread "G1 Conc#1"                       [id=45920, stack(0x00000008dd600000,0x00000008dd700000) (1024K)]
  0x000001f67f0a1a10 WorkerThread "G1 Conc#2"                       [id=49660, stack(0x00000008dd700000,0x00000008dd800000) (1024K)]
  0x000001f6356c3550 ConcurrentGCThread "G1 Refine#0"               [id=42204, stack(0x00000008db100000,0x00000008db200000) (1024K)]
  0x000001f6356c3e80 ConcurrentGCThread "G1 Service"                [id=10884, stack(0x00000008db200000,0x00000008db300000) (1024K)]
Total: 21

Threads with active compile tasks:
Total: 0

VM state: synchronizing (normal execution)

VM Mutex/Monitor currently owned by a thread:  ([mutex/lock_event])
[0x00007ff87ec3f570] Threads_lock - owner thread: 0x000001f6385e1580
[0x00007ff87ec3f670] Heap_lock - owner thread: 0x000001f60a330aa0

Heap address: 0x0000000643000000, size: 7120 MB, Compressed Oops mode: Zero based, Oop shift amount: 3

CDS archive(s) mapped at: [0x000001f639000000-0x000001f639c80000-0x000001f639c80000), size 13107200, SharedBaseAddress: 0x000001f639000000, ArchiveRelocationMode: 1.
Compressed class space mapped at: 0x000001f63a000000-0x000001f67a000000, reserved size: 1073741824
Narrow klass base: 0x000001f639000000, Narrow klass shift: 0, Narrow klass range: 0x100000000

GC Precious Log:
 CardTable entry size: 512
 Card Set container configuration: InlinePtr #cards 4 size 8 Array Of Cards #cards 32 size 80 Howl #buckets 8 coarsen threshold 7372 Howl Bitmap #cards 1024 size 144 coarsen threshold 921 Card regions per heap region 1 cards per card region 8192
 CPUs: 16 total, 16 available
 Memory: 28464M
 Large Page Support: Disabled
 NUMA Support: Disabled
 Compressed Oops: Enabled (Zero based)
 Heap Region Size: 4M
 Heap Min Capacity: 8M
 Heap Initial Capacity: 448M
 Heap Max Capacity: 7120M
 Pre-touch: Disabled
 Parallel Workers: 13
 Concurrent Workers: 3
 Concurrent Refinement Workers: 13
 Periodic GC: Disabled

Heap:
 garbage-first heap   total 3801088K, used 3325165K [0x0000000643000000, 0x0000000800000000)
  region size 4096K, 13 young (53248K), 6 survivors (24576K)
 Metaspace       used 130434K, committed 131712K, reserved 1179648K
  class space    used 18539K, committed 19072K, reserved 1048576K

Heap Regions: E=young(eden), S=young(survivor), O=old, HS=humongous(starts), HC=humongous(continues), CS=collection set, F=free, TAMS=top-at-mark-start, PB=parsable bottom
|   0|0x0000000643000000, 0x0000000643400000, 0x0000000643400000|100%| O|  |TAMS 0x0000000643000000| PB 0x0000000643000000| Untracked 
|   1|0x0000000643400000, 0x0000000643800000, 0x0000000643800000|100%| O|  |TAMS 0x0000000643400000| PB 0x0000000643400000| Untracked 
|   2|0x0000000643800000, 0x0000000643c00000, 0x0000000643c00000|100%| O|  |TAMS 0x0000000643800000| PB 0x0000000643800000| Untracked 
|   3|0x0000000643c00000, 0x0000000644000000, 0x0000000644000000|100%| O|  |TAMS 0x0000000643c00000| PB 0x0000000643c00000| Untracked 
|   4|0x0000000644000000, 0x0000000644400000, 0x0000000644400000|100%| O|  |TAMS 0x0000000644000000| PB 0x0000000644000000| Untracked 
|   5|0x0000000644400000, 0x0000000644800000, 0x0000000644800000|100%| O|  |TAMS 0x0000000644400000| PB 0x0000000644400000| Untracked 
|   6|0x0000000644800000, 0x0000000644c00000, 0x0000000644c00000|100%| O|  |TAMS 0x0000000644800000| PB 0x0000000644800000| Untracked 
|   7|0x0000000644c00000, 0x0000000645000000, 0x0000000645000000|100%| O|  |TAMS 0x0000000644c00000| PB 0x0000000644c00000| Untracked 
|   8|0x0000000645000000, 0x0000000645400000, 0x0000000645400000|100%| O|  |TAMS 0x0000000645000000| PB 0x0000000645000000| Untracked 
|   9|0x0000000645400000, 0x0000000645800000, 0x0000000645800000|100%| O|  |TAMS 0x0000000645400000| PB 0x0000000645400000| Untracked 
|  10|0x0000000645800000, 0x0000000645c00000, 0x0000000645c00000|100%| O|  |TAMS 0x0000000645800000| PB 0x0000000645800000| Untracked 
|  11|0x0000000645c00000, 0x0000000646000000, 0x0000000646000000|100%| O|  |TAMS 0x0000000645c00000| PB 0x0000000645c00000| Untracked 
|  12|0x0000000646000000, 0x0000000646400000, 0x0000000646400000|100%| O|  |TAMS 0x0000000646000000| PB 0x0000000646000000| Untracked 
|  13|0x0000000646400000, 0x0000000646800000, 0x0000000646800000|100%| O|  |TAMS 0x0000000646400000| PB 0x0000000646400000| Untracked 
|  14|0x0000000646800000, 0x0000000646c00000, 0x0000000646c00000|100%| O|  |TAMS 0x0000000646800000| PB 0x0000000646800000| Untracked 
|  15|0x0000000646c00000, 0x0000000647000000, 0x0000000647000000|100%| O|  |TAMS 0x0000000646c00000| PB 0x0000000646c00000| Untracked 
|  16|0x0000000647000000, 0x0000000647400000, 0x0000000647400000|100%| O|  |TAMS 0x0000000647000000| PB 0x0000000647000000| Untracked 
|  17|0x0000000647400000, 0x0000000647800000, 0x0000000647800000|100%| O|  |TAMS 0x0000000647400000| PB 0x0000000647400000| Untracked 
|  18|0x0000000647800000, 0x0000000647c00000, 0x0000000647c00000|100%| O|  |TAMS 0x0000000647800000| PB 0x0000000647800000| Untracked 
|  19|0x0000000647c00000, 0x0000000648000000, 0x0000000648000000|100%| O|  |TAMS 0x0000000647c00000| PB 0x0000000647c00000| Untracked 
|  20|0x0000000648000000, 0x0000000648400000, 0x0000000648400000|100%| O|  |TAMS 0x0000000648000000| PB 0x0000000648000000| Untracked 
|  21|0x0000000648400000, 0x0000000648800000, 0x0000000648800000|100%| O|  |TAMS 0x0000000648400000| PB 0x0000000648400000| Untracked 
|  22|0x0000000648800000, 0x0000000648c00000, 0x0000000648c00000|100%| O|  |TAMS 0x0000000648800000| PB 0x0000000648800000| Untracked 
|  23|0x0000000648c00000, 0x0000000649000000, 0x0000000649000000|100%| O|  |TAMS 0x0000000648c00000| PB 0x0000000648c00000| Untracked 
|  24|0x0000000649000000, 0x0000000649400000, 0x0000000649400000|100%| O|  |TAMS 0x0000000649000000| PB 0x0000000649000000| Untracked 
|  25|0x0000000649400000, 0x0000000649800000, 0x0000000649800000|100%| O|Cm|TAMS 0x0000000649400000| PB 0x0000000649400000| Complete 
|  26|0x0000000649800000, 0x0000000649ae6130, 0x0000000649c00000| 72%| O|  |TAMS 0x0000000649800000| PB 0x0000000649800000| Untracked 
|  27|0x0000000649c00000, 0x0000000649c00000, 0x000000064a000000|  0%| F|  |TAMS 0x0000000649c00000| PB 0x0000000649c00000| Untracked 
|  28|0x000000064a000000, 0x000000064a000000, 0x000000064a400000|  0%| F|  |TAMS 0x000000064a000000| PB 0x000000064a000000| Untracked 
|  29|0x000000064a400000, 0x000000064a400000, 0x000000064a800000|  0%| F|  |TAMS 0x000000064a400000| PB 0x000000064a400000| Untracked 
|  30|0x000000064a800000, 0x000000064a800000, 0x000000064ac00000|  0%| F|  |TAMS 0x000000064a800000| PB 0x000000064a800000| Untracked 
|  31|0x000000064ac00000, 0x000000064ac00000, 0x000000064b000000|  0%| F|  |TAMS 0x000000064ac00000| PB 0x000000064ac00000| Untracked 
|  32|0x000000064b000000, 0x000000064b400000, 0x000000064b400000|100%| O|Cm|TAMS 0x000000064b000000| PB 0x000000064b000000| Complete 
|  33|0x000000064b400000, 0x000000064b400000, 0x000000064b800000|  0%| F|  |TAMS 0x000000064b400000| PB 0x000000064b400000| Untracked 
|  34|0x000000064b800000, 0x000000064bc00000, 0x000000064bc00000|100%| O|  |TAMS 0x000000064b800000| PB 0x000000064b800000| Untracked 
|  35|0x000000064bc00000, 0x000000064bc00000, 0x000000064c000000|  0%| F|  |TAMS 0x000000064bc00000| PB 0x000000064bc00000| Untracked 
|  36|0x000000064c000000, 0x000000064c000000, 0x000000064c400000|  0%| F|  |TAMS 0x000000064c000000| PB 0x000000064c000000| Untracked 
|  37|0x000000064c400000, 0x000000064c400000, 0x000000064c800000|  0%| F|  |TAMS 0x000000064c400000| PB 0x000000064c400000| Untracked 
|  38|0x000000064c800000, 0x000000064c800000, 0x000000064cc00000|  0%| F|  |TAMS 0x000000064c800000| PB 0x000000064c800000| Untracked 
|  39|0x000000064cc00000, 0x000000064cc00000, 0x000000064d000000|  0%| F|  |TAMS 0x000000064cc00000| PB 0x000000064cc00000| Untracked 
|  40|0x000000064d000000, 0x000000064d000000, 0x000000064d400000|  0%| F|  |TAMS 0x000000064d000000| PB 0x000000064d000000| Untracked 
|  41|0x000000064d400000, 0x000000064d400000, 0x000000064d800000|  0%| F|  |TAMS 0x000000064d400000| PB 0x000000064d400000| Untracked 
|  42|0x000000064d800000, 0x000000064dc00000, 0x000000064dc00000|100%| O|  |TAMS 0x000000064d800000| PB 0x000000064d800000| Untracked 
|  43|0x000000064dc00000, 0x000000064dc00000, 0x000000064e000000|  0%| F|  |TAMS 0x000000064dc00000| PB 0x000000064dc00000| Untracked 
|  44|0x000000064e000000, 0x000000064e000000, 0x000000064e400000|  0%| F|  |TAMS 0x000000064e000000| PB 0x000000064e000000| Untracked 
|  45|0x000000064e400000, 0x000000064e400000, 0x000000064e800000|  0%| F|  |TAMS 0x000000064e400000| PB 0x000000064e400000| Untracked 
|  46|0x000000064e800000, 0x000000064ec00000, 0x000000064ec00000|100%| O|  |TAMS 0x000000064e800000| PB 0x000000064e800000| Untracked 
|  47|0x000000064ec00000, 0x000000064f000000, 0x000000064f000000|100%| O|Cm|TAMS 0x000000064ec00000| PB 0x000000064ec00000| Complete 
|  48|0x000000064f000000, 0x000000064f000000, 0x000000064f400000|  0%| F|  |TAMS 0x000000064f000000| PB 0x000000064f000000| Untracked 
|  49|0x000000064f400000, 0x000000064f400000, 0x000000064f800000|  0%| F|  |TAMS 0x000000064f400000| PB 0x000000064f400000| Untracked 
|  50|0x000000064f800000, 0x000000064f800000, 0x000000064fc00000|  0%| F|  |TAMS 0x000000064f800000| PB 0x000000064f800000| Untracked 
|  51|0x000000064fc00000, 0x000000064fc00000, 0x0000000650000000|  0%| F|  |TAMS 0x000000064fc00000| PB 0x000000064fc00000| Untracked 
|  52|0x0000000650000000, 0x0000000650000000, 0x0000000650400000|  0%| F|  |TAMS 0x0000000650000000| PB 0x0000000650000000| Untracked 
|  53|0x0000000650400000, 0x0000000650400000, 0x0000000650800000|  0%| F|  |TAMS 0x0000000650400000| PB 0x0000000650400000| Untracked 
|  54|0x0000000650800000, 0x0000000650800000, 0x0000000650c00000|  0%| F|  |TAMS 0x0000000650800000| PB 0x0000000650800000| Untracked 
|  55|0x0000000650c00000, 0x0000000650c00000, 0x0000000651000000|  0%| F|  |TAMS 0x0000000650c00000| PB 0x0000000650c00000| Untracked 
|  56|0x0000000651000000, 0x0000000651000000, 0x0000000651400000|  0%| F|  |TAMS 0x0000000651000000| PB 0x0000000651000000| Untracked 
|  57|0x0000000651400000, 0x0000000651400000, 0x0000000651800000|  0%| F|  |TAMS 0x0000000651400000| PB 0x0000000651400000| Untracked 
|  58|0x0000000651800000, 0x0000000651800000, 0x0000000651c00000|  0%| F|  |TAMS 0x0000000651800000| PB 0x0000000651800000| Untracked 
|  59|0x0000000651c00000, 0x0000000651c00000, 0x0000000652000000|  0%| F|  |TAMS 0x0000000651c00000| PB 0x0000000651c00000| Untracked 
|  60|0x0000000652000000, 0x0000000652000000, 0x0000000652400000|  0%| F|  |TAMS 0x0000000652000000| PB 0x0000000652000000| Untracked 
|  61|0x0000000652400000, 0x0000000652400000, 0x0000000652800000|  0%| F|  |TAMS 0x0000000652400000| PB 0x0000000652400000| Untracked 
|  62|0x0000000652800000, 0x0000000652c00000, 0x0000000652c00000|100%| O|  |TAMS 0x0000000652800000| PB 0x0000000652800000| Untracked 
|  63|0x0000000652c00000, 0x0000000652c00000, 0x0000000653000000|  0%| F|  |TAMS 0x0000000652c00000| PB 0x0000000652c00000| Untracked 
|  64|0x0000000653000000, 0x0000000653000000, 0x0000000653400000|  0%| F|  |TAMS 0x0000000653000000| PB 0x0000000653000000| Untracked 
|  65|0x0000000653400000, 0x0000000653400000, 0x0000000653800000|  0%| F|  |TAMS 0x0000000653400000| PB 0x0000000653400000| Untracked 
|  66|0x0000000653800000, 0x0000000653800000, 0x0000000653c00000|  0%| F|  |TAMS 0x0000000653800000| PB 0x0000000653800000| Untracked 
|  67|0x0000000653c00000, 0x0000000653c00000, 0x0000000654000000|  0%| F|  |TAMS 0x0000000653c00000| PB 0x0000000653c00000| Untracked 
|  68|0x0000000654000000, 0x0000000654000000, 0x0000000654400000|  0%| F|  |TAMS 0x0000000654000000| PB 0x0000000654000000| Untracked 
|  69|0x0000000654400000, 0x0000000654400000, 0x0000000654800000|  0%| F|  |TAMS 0x0000000654400000| PB 0x0000000654400000| Untracked 
|  70|0x0000000654800000, 0x0000000654800000, 0x0000000654c00000|  0%| F|  |TAMS 0x0000000654800000| PB 0x0000000654800000| Untracked 
|  71|0x0000000654c00000, 0x0000000654c00000, 0x0000000655000000|  0%| F|  |TAMS 0x0000000654c00000| PB 0x0000000654c00000| Untracked 
|  72|0x0000000655000000, 0x0000000655000000, 0x0000000655400000|  0%| F|  |TAMS 0x0000000655000000| PB 0x0000000655000000| Untracked 
|  73|0x0000000655400000, 0x0000000655400000, 0x0000000655800000|  0%| F|  |TAMS 0x0000000655400000| PB 0x0000000655400000| Untracked 
|  74|0x0000000655800000, 0x0000000655800000, 0x0000000655c00000|  0%| F|  |TAMS 0x0000000655800000| PB 0x0000000655800000| Untracked 
|  75|0x0000000655c00000, 0x0000000655c00000, 0x0000000656000000|  0%| F|  |TAMS 0x0000000655c00000| PB 0x0000000655c00000| Untracked 
|  76|0x0000000656000000, 0x0000000656000000, 0x0000000656400000|  0%| F|  |TAMS 0x0000000656000000| PB 0x0000000656000000| Untracked 
|  77|0x0000000656400000, 0x0000000656400000, 0x0000000656800000|  0%| F|  |TAMS 0x0000000656400000| PB 0x0000000656400000| Untracked 
|  78|0x0000000656800000, 0x0000000656800000, 0x0000000656c00000|  0%| F|  |TAMS 0x0000000656800000| PB 0x0000000656800000| Untracked 
|  79|0x0000000656c00000, 0x0000000656c00000, 0x0000000657000000|  0%| F|  |TAMS 0x0000000656c00000| PB 0x0000000656c00000| Untracked 
|  80|0x0000000657000000, 0x0000000657000000, 0x0000000657400000|  0%| F|  |TAMS 0x0000000657000000| PB 0x0000000657000000| Untracked 
|  81|0x0000000657400000, 0x0000000657400000, 0x0000000657800000|  0%| F|  |TAMS 0x0000000657400000| PB 0x0000000657400000| Untracked 
|  82|0x0000000657800000, 0x0000000657800000, 0x0000000657c00000|  0%| F|  |TAMS 0x0000000657800000| PB 0x0000000657800000| Untracked 
|  83|0x0000000657c00000, 0x0000000657c00000, 0x0000000658000000|  0%| F|  |TAMS 0x0000000657c00000| PB 0x0000000657c00000| Untracked 
|  84|0x0000000658000000, 0x0000000658000000, 0x0000000658400000|  0%| F|  |TAMS 0x0000000658000000| PB 0x0000000658000000| Untracked 
|  85|0x0000000658400000, 0x0000000658400000, 0x0000000658800000|  0%| F|  |TAMS 0x0000000658400000| PB 0x0000000658400000| Untracked 
|  86|0x0000000658800000, 0x0000000658800000, 0x0000000658c00000|  0%| F|  |TAMS 0x0000000658800000| PB 0x0000000658800000| Untracked 
|  87|0x0000000658c00000, 0x0000000658c00000, 0x0000000659000000|  0%| F|  |TAMS 0x0000000658c00000| PB 0x0000000658c00000| Untracked 
|  88|0x0000000659000000, 0x0000000659000000, 0x0000000659400000|  0%| F|  |TAMS 0x0000000659000000| PB 0x0000000659000000| Untracked 
|  89|0x0000000659400000, 0x0000000659400000, 0x0000000659800000|  0%| F|  |TAMS 0x0000000659400000| PB 0x0000000659400000| Untracked 
|  90|0x0000000659800000, 0x0000000659800000, 0x0000000659c00000|  0%| F|  |TAMS 0x0000000659800000| PB 0x0000000659800000| Untracked 
|  91|0x0000000659c00000, 0x0000000659c00000, 0x000000065a000000|  0%| F|  |TAMS 0x0000000659c00000| PB 0x0000000659c00000| Untracked 
|  92|0x000000065a000000, 0x000000065a000000, 0x000000065a400000|  0%| F|  |TAMS 0x000000065a000000| PB 0x000000065a000000| Untracked 
|  93|0x000000065a400000, 0x000000065a400000, 0x000000065a800000|  0%| F|  |TAMS 0x000000065a400000| PB 0x000000065a400000| Untracked 
|  94|0x000000065a800000, 0x000000065a800000, 0x000000065ac00000|  0%| F|  |TAMS 0x000000065a800000| PB 0x000000065a800000| Untracked 
|  95|0x000000065ac00000, 0x000000065ac00000, 0x000000065b000000|  0%| F|  |TAMS 0x000000065ac00000| PB 0x000000065ac00000| Untracked 
|  96|0x000000065b000000, 0x000000065b000000, 0x000000065b400000|  0%| F|  |TAMS 0x000000065b000000| PB 0x000000065b000000| Untracked 
|  97|0x000000065b400000, 0x000000065b400000, 0x000000065b800000|  0%| F|  |TAMS 0x000000065b400000| PB 0x000000065b400000| Untracked 
|  98|0x000000065b800000, 0x000000065b800000, 0x000000065bc00000|  0%| F|  |TAMS 0x000000065b800000| PB 0x000000065b800000| Untracked 
|  99|0x000000065bc00000, 0x000000065bc00000, 0x000000065c000000|  0%| F|  |TAMS 0x000000065bc00000| PB 0x000000065bc00000| Untracked 
| 100|0x000000065c000000, 0x000000065c000000, 0x000000065c400000|  0%| F|  |TAMS 0x000000065c000000| PB 0x000000065c000000| Untracked 
| 101|0x000000065c400000, 0x000000065c400000, 0x000000065c800000|  0%| F|  |TAMS 0x000000065c400000| PB 0x000000065c400000| Untracked 
| 102|0x000000065c800000, 0x000000065c800000, 0x000000065cc00000|  0%| F|  |TAMS 0x000000065c800000| PB 0x000000065c800000| Untracked 
| 103|0x000000065cc00000, 0x000000065cc00000, 0x000000065d000000|  0%| F|  |TAMS 0x000000065cc00000| PB 0x000000065cc00000| Untracked 
| 104|0x000000065d000000, 0x000000065d000000, 0x000000065d400000|  0%| F|  |TAMS 0x000000065d000000| PB 0x000000065d000000| Untracked 
| 105|0x000000065d400000, 0x000000065d400000, 0x000000065d800000|  0%| F|  |TAMS 0x000000065d400000| PB 0x000000065d400000| Untracked 
| 106|0x000000065d800000, 0x000000065d800000, 0x000000065dc00000|  0%| F|  |TAMS 0x000000065d800000| PB 0x000000065d800000| Untracked 
| 107|0x000000065dc00000, 0x000000065e000000, 0x000000065e000000|100%| E|  |TAMS 0x000000065dc00000| PB 0x000000065dc00000| Complete 
| 108|0x000000065e000000, 0x000000065e400000, 0x000000065e400000|100%| E|CS|TAMS 0x000000065e000000| PB 0x000000065e000000| Complete 
| 109|0x000000065e400000, 0x000000065e800000, 0x000000065e800000|100%| E|CS|TAMS 0x000000065e400000| PB 0x000000065e400000| Complete 
| 110|0x000000065e800000, 0x000000065ec00000, 0x000000065ec00000|100%| E|CS|TAMS 0x000000065e800000| PB 0x000000065e800000| Complete 
| 111|0x000000065ec00000, 0x000000065f000000, 0x000000065f000000|100%| E|CS|TAMS 0x000000065ec00000| PB 0x000000065ec00000| Complete 
| 112|0x000000065f000000, 0x000000065f400000, 0x000000065f400000|100%| E|CS|TAMS 0x000000065f000000| PB 0x000000065f000000| Complete 
| 113|0x000000065f400000, 0x000000065f455668, 0x000000065f800000|  8%| S|CS|TAMS 0x000000065f400000| PB 0x000000065f400000| Complete 
| 114|0x000000065f800000, 0x000000065fc00000, 0x000000065fc00000|100%| S|CS|TAMS 0x000000065f800000| PB 0x000000065f800000| Complete 
| 115|0x000000065fc00000, 0x0000000660000000, 0x0000000660000000|100%| S|CS|TAMS 0x000000065fc00000| PB 0x000000065fc00000| Complete 
| 116|0x0000000660000000, 0x0000000660400000, 0x0000000660400000|100%| S|CS|TAMS 0x0000000660000000| PB 0x0000000660000000| Complete 
| 117|0x0000000660400000, 0x0000000660800000, 0x0000000660800000|100%| S|CS|TAMS 0x0000000660400000| PB 0x0000000660400000| Complete 
| 118|0x0000000660800000, 0x0000000660c00000, 0x0000000660c00000|100%| S|CS|TAMS 0x0000000660800000| PB 0x0000000660800000| Complete 
| 119|0x0000000660c00000, 0x0000000661000000, 0x0000000661000000|100%|HS|  |TAMS 0x0000000660c00000| PB 0x0000000660c00000| Complete 
| 120|0x0000000661000000, 0x0000000661400000, 0x0000000661400000|100%|HC|  |TAMS 0x0000000661000000| PB 0x0000000661000000| Complete 
| 121|0x0000000661400000, 0x0000000661800000, 0x0000000661800000|100%|HC|  |TAMS 0x0000000661400000| PB 0x0000000661400000| Complete 
| 122|0x0000000661800000, 0x0000000661c00000, 0x0000000661c00000|100%|HC|  |TAMS 0x0000000661800000| PB 0x0000000661800000| Complete 
| 123|0x0000000661c00000, 0x0000000662000000, 0x0000000662000000|100%|HC|  |TAMS 0x0000000661c00000| PB 0x0000000661c00000| Complete 
| 124|0x0000000662000000, 0x0000000662400000, 0x0000000662400000|100%|HC|  |TAMS 0x0000000662000000| PB 0x0000000662000000| Complete 
| 125|0x0000000662400000, 0x0000000662800000, 0x0000000662800000|100%|HC|  |TAMS 0x0000000662400000| PB 0x0000000662400000| Complete 
| 126|0x0000000662800000, 0x0000000662c00000, 0x0000000662c00000|100%|HC|  |TAMS 0x0000000662800000| PB 0x0000000662800000| Complete 
| 127|0x0000000662c00000, 0x0000000663000000, 0x0000000663000000|100%|HC|  |TAMS 0x0000000662c00000| PB 0x0000000662c00000| Complete 
| 128|0x0000000663000000, 0x0000000663400000, 0x0000000663400000|100%|HC|  |TAMS 0x0000000663000000| PB 0x0000000663000000| Complete 
| 129|0x0000000663400000, 0x0000000663800000, 0x0000000663800000|100%|HC|  |TAMS 0x0000000663400000| PB 0x0000000663400000| Complete 
| 130|0x0000000663800000, 0x0000000663c00000, 0x0000000663c00000|100%|HC|  |TAMS 0x0000000663800000| PB 0x0000000663800000| Complete 
| 131|0x0000000663c00000, 0x0000000664000000, 0x0000000664000000|100%|HC|  |TAMS 0x0000000663c00000| PB 0x0000000663c00000| Complete 
| 132|0x0000000664000000, 0x0000000664400000, 0x0000000664400000|100%|HC|  |TAMS 0x0000000664000000| PB 0x0000000664000000| Complete 
| 133|0x0000000664400000, 0x0000000664800000, 0x0000000664800000|100%|HC|  |TAMS 0x0000000664400000| PB 0x0000000664400000| Complete 
| 134|0x0000000664800000, 0x0000000664c00000, 0x0000000664c00000|100%|HC|  |TAMS 0x0000000664800000| PB 0x0000000664800000| Complete 
| 135|0x0000000664c00000, 0x0000000665000000, 0x0000000665000000|100%|HC|  |TAMS 0x0000000664c00000| PB 0x0000000664c00000| Complete 
| 136|0x0000000665000000, 0x0000000665400000, 0x0000000665400000|100%|HC|  |TAMS 0x0000000665000000| PB 0x0000000665000000| Complete 
| 137|0x0000000665400000, 0x0000000665800000, 0x0000000665800000|100%|HC|  |TAMS 0x0000000665400000| PB 0x0000000665400000| Complete 
| 138|0x0000000665800000, 0x0000000665c00000, 0x0000000665c00000|100%|HC|  |TAMS 0x0000000665800000| PB 0x0000000665800000| Complete 
| 139|0x0000000665c00000, 0x0000000666000000, 0x0000000666000000|100%|HC|  |TAMS 0x0000000665c00000| PB 0x0000000665c00000| Complete 
| 140|0x0000000666000000, 0x0000000666400000, 0x0000000666400000|100%|HC|  |TAMS 0x0000000666000000| PB 0x0000000666000000| Complete 
| 141|0x0000000666400000, 0x0000000666800000, 0x0000000666800000|100%|HC|  |TAMS 0x0000000666400000| PB 0x0000000666400000| Complete 
| 142|0x0000000666800000, 0x0000000666c00000, 0x0000000666c00000|100%|HC|  |TAMS 0x0000000666800000| PB 0x0000000666800000| Complete 
| 143|0x0000000666c00000, 0x0000000667000000, 0x0000000667000000|100%|HC|  |TAMS 0x0000000666c00000| PB 0x0000000666c00000| Complete 
| 144|0x0000000667000000, 0x0000000667400000, 0x0000000667400000|100%|HC|  |TAMS 0x0000000667000000| PB 0x0000000667000000| Complete 
| 145|0x0000000667400000, 0x0000000667800000, 0x0000000667800000|100%|HC|  |TAMS 0x0000000667400000| PB 0x0000000667400000| Complete 
| 146|0x0000000667800000, 0x0000000667c00000, 0x0000000667c00000|100%|HC|  |TAMS 0x0000000667800000| PB 0x0000000667800000| Complete 
| 147|0x0000000667c00000, 0x0000000668000000, 0x0000000668000000|100%|HC|  |TAMS 0x0000000667c00000| PB 0x0000000667c00000| Complete 
| 148|0x0000000668000000, 0x0000000668400000, 0x0000000668400000|100%|HC|  |TAMS 0x0000000668000000| PB 0x0000000668000000| Complete 
| 149|0x0000000668400000, 0x0000000668800000, 0x0000000668800000|100%|HC|  |TAMS 0x0000000668400000| PB 0x0000000668400000| Complete 
| 150|0x0000000668800000, 0x0000000668c00000, 0x0000000668c00000|100%|HC|  |TAMS 0x0000000668800000| PB 0x0000000668800000| Complete 
| 151|0x0000000668c00000, 0x0000000669000000, 0x0000000669000000|100%|HC|  |TAMS 0x0000000668c00000| PB 0x0000000668c00000| Complete 
| 152|0x0000000669000000, 0x0000000669400000, 0x0000000669400000|100%|HC|  |TAMS 0x0000000669000000| PB 0x0000000669000000| Complete 
| 153|0x0000000669400000, 0x0000000669800000, 0x0000000669800000|100%|HC|  |TAMS 0x0000000669400000| PB 0x0000000669400000| Complete 
| 154|0x0000000669800000, 0x0000000669c00000, 0x0000000669c00000|100%|HC|  |TAMS 0x0000000669800000| PB 0x0000000669800000| Complete 
| 155|0x0000000669c00000, 0x000000066a000000, 0x000000066a000000|100%|HC|  |TAMS 0x0000000669c00000| PB 0x0000000669c00000| Complete 
| 156|0x000000066a000000, 0x000000066a400000, 0x000000066a400000|100%|HC|  |TAMS 0x000000066a000000| PB 0x000000066a000000| Complete 
| 157|0x000000066a400000, 0x000000066a800000, 0x000000066a800000|100%|HC|  |TAMS 0x000000066a400000| PB 0x000000066a400000| Complete 
| 158|0x000000066a800000, 0x000000066ac00000, 0x000000066ac00000|100%|HC|  |TAMS 0x000000066a800000| PB 0x000000066a800000| Complete 
| 159|0x000000066ac00000, 0x000000066b000000, 0x000000066b000000|100%|HC|  |TAMS 0x000000066ac00000| PB 0x000000066ac00000| Complete 
| 160|0x000000066b000000, 0x000000066b400000, 0x000000066b400000|100%|HC|  |TAMS 0x000000066b000000| PB 0x000000066b000000| Complete 
| 161|0x000000066b400000, 0x000000066b800000, 0x000000066b800000|100%|HC|  |TAMS 0x000000066b400000| PB 0x000000066b400000| Complete 
| 162|0x000000066b800000, 0x000000066bc00000, 0x000000066bc00000|100%|HC|  |TAMS 0x000000066b800000| PB 0x000000066b800000| Complete 
| 163|0x000000066bc00000, 0x000000066c000000, 0x000000066c000000|100%|HC|  |TAMS 0x000000066bc00000| PB 0x000000066bc00000| Complete 
| 164|0x000000066c000000, 0x000000066c400000, 0x000000066c400000|100%|HC|  |TAMS 0x000000066c000000| PB 0x000000066c000000| Complete 
| 165|0x000000066c400000, 0x000000066c800000, 0x000000066c800000|100%|HC|  |TAMS 0x000000066c400000| PB 0x000000066c400000| Complete 
| 166|0x000000066c800000, 0x000000066cc00000, 0x000000066cc00000|100%|HC|  |TAMS 0x000000066c800000| PB 0x000000066c800000| Complete 
| 167|0x000000066cc00000, 0x000000066d000000, 0x000000066d000000|100%|HC|  |TAMS 0x000000066cc00000| PB 0x000000066cc00000| Complete 
| 168|0x000000066d000000, 0x000000066d400000, 0x000000066d400000|100%|HC|  |TAMS 0x000000066d000000| PB 0x000000066d000000| Complete 
| 169|0x000000066d400000, 0x000000066d800000, 0x000000066d800000|100%|HC|  |TAMS 0x000000066d400000| PB 0x000000066d400000| Complete 
| 170|0x000000066d800000, 0x000000066dc00000, 0x000000066dc00000|100%|HC|  |TAMS 0x000000066d800000| PB 0x000000066d800000| Complete 
| 171|0x000000066dc00000, 0x000000066e000000, 0x000000066e000000|100%|HC|  |TAMS 0x000000066dc00000| PB 0x000000066dc00000| Complete 
| 172|0x000000066e000000, 0x000000066e400000, 0x000000066e400000|100%|HC|  |TAMS 0x000000066e000000| PB 0x000000066e000000| Complete 
| 173|0x000000066e400000, 0x000000066e800000, 0x000000066e800000|100%|HC|  |TAMS 0x000000066e400000| PB 0x000000066e400000| Complete 
| 174|0x000000066e800000, 0x000000066ec00000, 0x000000066ec00000|100%|HC|  |TAMS 0x000000066e800000| PB 0x000000066e800000| Complete 
| 175|0x000000066ec00000, 0x000000066f000000, 0x000000066f000000|100%|HC|  |TAMS 0x000000066ec00000| PB 0x000000066ec00000| Complete 
| 176|0x000000066f000000, 0x000000066f400000, 0x000000066f400000|100%|HC|  |TAMS 0x000000066f000000| PB 0x000000066f000000| Complete 
| 177|0x000000066f400000, 0x000000066f800000, 0x000000066f800000|100%|HC|  |TAMS 0x000000066f400000| PB 0x000000066f400000| Complete 
| 178|0x000000066f800000, 0x000000066fc00000, 0x000000066fc00000|100%|HC|  |TAMS 0x000000066f800000| PB 0x000000066f800000| Complete 
| 179|0x000000066fc00000, 0x0000000670000000, 0x0000000670000000|100%|HC|  |TAMS 0x000000066fc00000| PB 0x000000066fc00000| Complete 
| 180|0x0000000670000000, 0x0000000670400000, 0x0000000670400000|100%|HC|  |TAMS 0x0000000670000000| PB 0x0000000670000000| Complete 
| 181|0x0000000670400000, 0x0000000670800000, 0x0000000670800000|100%|HC|  |TAMS 0x0000000670400000| PB 0x0000000670400000| Complete 
| 182|0x0000000670800000, 0x0000000670c00000, 0x0000000670c00000|100%|HC|  |TAMS 0x0000000670800000| PB 0x0000000670800000| Complete 
| 183|0x0000000670c00000, 0x0000000671000000, 0x0000000671000000|100%|HC|  |TAMS 0x0000000670c00000| PB 0x0000000670c00000| Complete 
| 184|0x0000000671000000, 0x0000000671400000, 0x0000000671400000|100%|HC|  |TAMS 0x0000000671000000| PB 0x0000000671000000| Complete 
| 185|0x0000000671400000, 0x0000000671800000, 0x0000000671800000|100%|HC|  |TAMS 0x0000000671400000| PB 0x0000000671400000| Complete 
| 186|0x0000000671800000, 0x0000000671c00000, 0x0000000671c00000|100%|HC|  |TAMS 0x0000000671800000| PB 0x0000000671800000| Complete 
| 187|0x0000000671c00000, 0x0000000672000000, 0x0000000672000000|100%|HC|  |TAMS 0x0000000671c00000| PB 0x0000000671c00000| Complete 
| 188|0x0000000672000000, 0x0000000672400000, 0x0000000672400000|100%|HC|  |TAMS 0x0000000672000000| PB 0x0000000672000000| Complete 
| 189|0x0000000672400000, 0x0000000672800000, 0x0000000672800000|100%|HC|  |TAMS 0x0000000672400000| PB 0x0000000672400000| Complete 
| 190|0x0000000672800000, 0x0000000672c00000, 0x0000000672c00000|100%|HC|  |TAMS 0x0000000672800000| PB 0x0000000672800000| Complete 
| 191|0x0000000672c00000, 0x0000000673000000, 0x0000000673000000|100%|HC|  |TAMS 0x0000000672c00000| PB 0x0000000672c00000| Complete 
| 192|0x0000000673000000, 0x0000000673400000, 0x0000000673400000|100%|HC|  |TAMS 0x0000000673000000| PB 0x0000000673000000| Complete 
| 193|0x0000000673400000, 0x0000000673800000, 0x0000000673800000|100%|HC|  |TAMS 0x0000000673400000| PB 0x0000000673400000| Complete 
| 194|0x0000000673800000, 0x0000000673c00000, 0x0000000673c00000|100%|HC|  |TAMS 0x0000000673800000| PB 0x0000000673800000| Complete 
| 195|0x0000000673c00000, 0x0000000674000000, 0x0000000674000000|100%|HC|  |TAMS 0x0000000673c00000| PB 0x0000000673c00000| Complete 
| 196|0x0000000674000000, 0x0000000674400000, 0x0000000674400000|100%|HC|  |TAMS 0x0000000674000000| PB 0x0000000674000000| Complete 
| 197|0x0000000674400000, 0x0000000674800000, 0x0000000674800000|100%|HC|  |TAMS 0x0000000674400000| PB 0x0000000674400000| Complete 
| 198|0x0000000674800000, 0x0000000674c00000, 0x0000000674c00000|100%|HC|  |TAMS 0x0000000674800000| PB 0x0000000674800000| Complete 
| 199|0x0000000674c00000, 0x0000000675000000, 0x0000000675000000|100%|HC|  |TAMS 0x0000000674c00000| PB 0x0000000674c00000| Complete 
| 200|0x0000000675000000, 0x0000000675400000, 0x0000000675400000|100%|HC|  |TAMS 0x0000000675000000| PB 0x0000000675000000| Complete 
| 201|0x0000000675400000, 0x0000000675800000, 0x0000000675800000|100%|HC|  |TAMS 0x0000000675400000| PB 0x0000000675400000| Complete 
| 202|0x0000000675800000, 0x0000000675c00000, 0x0000000675c00000|100%|HC|  |TAMS 0x0000000675800000| PB 0x0000000675800000| Complete 
| 203|0x0000000675c00000, 0x0000000676000000, 0x0000000676000000|100%|HC|  |TAMS 0x0000000675c00000| PB 0x0000000675c00000| Complete 
| 204|0x0000000676000000, 0x0000000676400000, 0x0000000676400000|100%|HS|  |TAMS 0x0000000676000000| PB 0x0000000676000000| Complete 
| 205|0x0000000676400000, 0x0000000676800000, 0x0000000676800000|100%|HC|  |TAMS 0x0000000676400000| PB 0x0000000676400000| Complete 
| 206|0x0000000676800000, 0x0000000676c00000, 0x0000000676c00000|100%|HC|  |TAMS 0x0000000676800000| PB 0x0000000676800000| Complete 
| 207|0x0000000676c00000, 0x0000000677000000, 0x0000000677000000|100%|HC|  |TAMS 0x0000000676c00000| PB 0x0000000676c00000| Complete 
| 208|0x0000000677000000, 0x0000000677400000, 0x0000000677400000|100%|HC|  |TAMS 0x0000000677000000| PB 0x0000000677000000| Complete 
| 209|0x0000000677400000, 0x0000000677800000, 0x0000000677800000|100%|HC|  |TAMS 0x0000000677400000| PB 0x0000000677400000| Complete 
| 210|0x0000000677800000, 0x0000000677c00000, 0x0000000677c00000|100%|HC|  |TAMS 0x0000000677800000| PB 0x0000000677800000| Complete 
| 211|0x0000000677c00000, 0x0000000678000000, 0x0000000678000000|100%|HC|  |TAMS 0x0000000677c00000| PB 0x0000000677c00000| Complete 
| 212|0x0000000678000000, 0x0000000678400000, 0x0000000678400000|100%|HC|  |TAMS 0x0000000678000000| PB 0x0000000678000000| Complete 
| 213|0x0000000678400000, 0x0000000678800000, 0x0000000678800000|100%|HC|  |TAMS 0x0000000678400000| PB 0x0000000678400000| Complete 
| 214|0x0000000678800000, 0x0000000678c00000, 0x0000000678c00000|100%|HC|  |TAMS 0x0000000678800000| PB 0x0000000678800000| Complete 
| 215|0x0000000678c00000, 0x0000000679000000, 0x0000000679000000|100%|HC|  |TAMS 0x0000000678c00000| PB 0x0000000678c00000| Complete 
| 216|0x0000000679000000, 0x0000000679400000, 0x0000000679400000|100%|HC|  |TAMS 0x0000000679000000| PB 0x0000000679000000| Complete 
| 217|0x0000000679400000, 0x0000000679800000, 0x0000000679800000|100%|HC|  |TAMS 0x0000000679400000| PB 0x0000000679400000| Complete 
| 218|0x0000000679800000, 0x0000000679c00000, 0x0000000679c00000|100%|HC|  |TAMS 0x0000000679800000| PB 0x0000000679800000| Complete 
| 219|0x0000000679c00000, 0x000000067a000000, 0x000000067a000000|100%|HC|  |TAMS 0x0000000679c00000| PB 0x0000000679c00000| Complete 
| 220|0x000000067a000000, 0x000000067a400000, 0x000000067a400000|100%|HC|  |TAMS 0x000000067a000000| PB 0x000000067a000000| Complete 
| 221|0x000000067a400000, 0x000000067a800000, 0x000000067a800000|100%|HC|  |TAMS 0x000000067a400000| PB 0x000000067a400000| Complete 
| 222|0x000000067a800000, 0x000000067ac00000, 0x000000067ac00000|100%|HC|  |TAMS 0x000000067a800000| PB 0x000000067a800000| Complete 
| 223|0x000000067ac00000, 0x000000067b000000, 0x000000067b000000|100%|HC|  |TAMS 0x000000067ac00000| PB 0x000000067ac00000| Complete 
| 224|0x000000067b000000, 0x000000067b400000, 0x000000067b400000|100%|HC|  |TAMS 0x000000067b000000| PB 0x000000067b000000| Complete 
| 225|0x000000067b400000, 0x000000067b800000, 0x000000067b800000|100%|HC|  |TAMS 0x000000067b400000| PB 0x000000067b400000| Complete 
| 226|0x000000067b800000, 0x000000067bc00000, 0x000000067bc00000|100%|HC|  |TAMS 0x000000067b800000| PB 0x000000067b800000| Complete 
| 227|0x000000067bc00000, 0x000000067c000000, 0x000000067c000000|100%|HC|  |TAMS 0x000000067bc00000| PB 0x000000067bc00000| Complete 
| 228|0x000000067c000000, 0x000000067c400000, 0x000000067c400000|100%|HC|  |TAMS 0x000000067c000000| PB 0x000000067c000000| Complete 
| 229|0x000000067c400000, 0x000000067c800000, 0x000000067c800000|100%|HC|  |TAMS 0x000000067c400000| PB 0x000000067c400000| Complete 
| 230|0x000000067c800000, 0x000000067cc00000, 0x000000067cc00000|100%|HC|  |TAMS 0x000000067c800000| PB 0x000000067c800000| Complete 
| 231|0x000000067cc00000, 0x000000067d000000, 0x000000067d000000|100%|HC|  |TAMS 0x000000067cc00000| PB 0x000000067cc00000| Complete 
| 232|0x000000067d000000, 0x000000067d400000, 0x000000067d400000|100%|HC|  |TAMS 0x000000067d000000| PB 0x000000067d000000| Complete 
| 233|0x000000067d400000, 0x000000067d800000, 0x000000067d800000|100%|HC|  |TAMS 0x000000067d400000| PB 0x000000067d400000| Complete 
| 234|0x000000067d800000, 0x000000067dc00000, 0x000000067dc00000|100%|HC|  |TAMS 0x000000067d800000| PB 0x000000067d800000| Complete 
| 235|0x000000067dc00000, 0x000000067e000000, 0x000000067e000000|100%|HC|  |TAMS 0x000000067dc00000| PB 0x000000067dc00000| Complete 
| 236|0x000000067e000000, 0x000000067e400000, 0x000000067e400000|100%|HC|  |TAMS 0x000000067e000000| PB 0x000000067e000000| Complete 
| 237|0x000000067e400000, 0x000000067e800000, 0x000000067e800000|100%|HC|  |TAMS 0x000000067e400000| PB 0x000000067e400000| Complete 
| 238|0x000000067e800000, 0x000000067ec00000, 0x000000067ec00000|100%|HC|  |TAMS 0x000000067e800000| PB 0x000000067e800000| Complete 
| 239|0x000000067ec00000, 0x000000067f000000, 0x000000067f000000|100%|HC|  |TAMS 0x000000067ec00000| PB 0x000000067ec00000| Complete 
| 240|0x000000067f000000, 0x000000067f400000, 0x000000067f400000|100%|HC|  |TAMS 0x000000067f000000| PB 0x000000067f000000| Complete 
| 241|0x000000067f400000, 0x000000067f800000, 0x000000067f800000|100%|HC|  |TAMS 0x000000067f400000| PB 0x000000067f400000| Complete 
| 242|0x000000067f800000, 0x000000067fc00000, 0x000000067fc00000|100%|HC|  |TAMS 0x000000067f800000| PB 0x000000067f800000| Complete 
| 243|0x000000067fc00000, 0x0000000680000000, 0x0000000680000000|100%|HC|  |TAMS 0x000000067fc00000| PB 0x000000067fc00000| Complete 
| 244|0x0000000680000000, 0x0000000680400000, 0x0000000680400000|100%|HC|  |TAMS 0x0000000680000000| PB 0x0000000680000000| Complete 
| 245|0x0000000680400000, 0x0000000680800000, 0x0000000680800000|100%|HC|  |TAMS 0x0000000680400000| PB 0x0000000680400000| Complete 
| 246|0x0000000680800000, 0x0000000680c00000, 0x0000000680c00000|100%|HC|  |TAMS 0x0000000680800000| PB 0x0000000680800000| Complete 
| 247|0x0000000680c00000, 0x0000000681000000, 0x0000000681000000|100%|HC|  |TAMS 0x0000000680c00000| PB 0x0000000680c00000| Complete 
| 248|0x0000000681000000, 0x0000000681400000, 0x0000000681400000|100%|HC|  |TAMS 0x0000000681000000| PB 0x0000000681000000| Complete 
| 249|0x0000000681400000, 0x0000000681800000, 0x0000000681800000|100%|HC|  |TAMS 0x0000000681400000| PB 0x0000000681400000| Complete 
| 250|0x0000000681800000, 0x0000000681c00000, 0x0000000681c00000|100%|HC|  |TAMS 0x0000000681800000| PB 0x0000000681800000| Complete 
| 251|0x0000000681c00000, 0x0000000682000000, 0x0000000682000000|100%|HC|  |TAMS 0x0000000681c00000| PB 0x0000000681c00000| Complete 
| 252|0x0000000682000000, 0x0000000682400000, 0x0000000682400000|100%|HC|  |TAMS 0x0000000682000000| PB 0x0000000682000000| Complete 
| 253|0x0000000682400000, 0x0000000682800000, 0x0000000682800000|100%|HC|  |TAMS 0x0000000682400000| PB 0x0000000682400000| Complete 
| 254|0x0000000682800000, 0x0000000682c00000, 0x0000000682c00000|100%|HC|  |TAMS 0x0000000682800000| PB 0x0000000682800000| Complete 
| 255|0x0000000682c00000, 0x0000000683000000, 0x0000000683000000|100%|HC|  |TAMS 0x0000000682c00000| PB 0x0000000682c00000| Complete 
| 256|0x0000000683000000, 0x0000000683400000, 0x0000000683400000|100%|HC|  |TAMS 0x0000000683000000| PB 0x0000000683000000| Complete 
| 257|0x0000000683400000, 0x0000000683800000, 0x0000000683800000|100%|HC|  |TAMS 0x0000000683400000| PB 0x0000000683400000| Complete 
| 258|0x0000000683800000, 0x0000000683c00000, 0x0000000683c00000|100%|HC|  |TAMS 0x0000000683800000| PB 0x0000000683800000| Complete 
| 259|0x0000000683c00000, 0x0000000684000000, 0x0000000684000000|100%|HC|  |TAMS 0x0000000683c00000| PB 0x0000000683c00000| Complete 
| 260|0x0000000684000000, 0x0000000684400000, 0x0000000684400000|100%|HC|  |TAMS 0x0000000684000000| PB 0x0000000684000000| Complete 
| 261|0x0000000684400000, 0x0000000684800000, 0x0000000684800000|100%|HC|  |TAMS 0x0000000684400000| PB 0x0000000684400000| Complete 
| 262|0x0000000684800000, 0x0000000684c00000, 0x0000000684c00000|100%|HC|  |TAMS 0x0000000684800000| PB 0x0000000684800000| Complete 
| 263|0x0000000684c00000, 0x0000000685000000, 0x0000000685000000|100%|HC|  |TAMS 0x0000000684c00000| PB 0x0000000684c00000| Complete 
| 264|0x0000000685000000, 0x0000000685400000, 0x0000000685400000|100%|HC|  |TAMS 0x0000000685000000| PB 0x0000000685000000| Complete 
| 265|0x0000000685400000, 0x0000000685800000, 0x0000000685800000|100%|HC|  |TAMS 0x0000000685400000| PB 0x0000000685400000| Complete 
| 266|0x0000000685800000, 0x0000000685c00000, 0x0000000685c00000|100%|HC|  |TAMS 0x0000000685800000| PB 0x0000000685800000| Complete 
| 267|0x0000000685c00000, 0x0000000686000000, 0x0000000686000000|100%|HC|  |TAMS 0x0000000685c00000| PB 0x0000000685c00000| Complete 
| 268|0x0000000686000000, 0x0000000686400000, 0x0000000686400000|100%|HC|  |TAMS 0x0000000686000000| PB 0x0000000686000000| Complete 
| 269|0x0000000686400000, 0x0000000686800000, 0x0000000686800000|100%|HC|  |TAMS 0x0000000686400000| PB 0x0000000686400000| Complete 
| 270|0x0000000686800000, 0x0000000686c00000, 0x0000000686c00000|100%|HC|  |TAMS 0x0000000686800000| PB 0x0000000686800000| Complete 
| 271|0x0000000686c00000, 0x0000000687000000, 0x0000000687000000|100%|HC|  |TAMS 0x0000000686c00000| PB 0x0000000686c00000| Complete 
| 272|0x0000000687000000, 0x0000000687400000, 0x0000000687400000|100%|HC|  |TAMS 0x0000000687000000| PB 0x0000000687000000| Complete 
| 273|0x0000000687400000, 0x0000000687800000, 0x0000000687800000|100%|HC|  |TAMS 0x0000000687400000| PB 0x0000000687400000| Complete 
| 274|0x0000000687800000, 0x0000000687c00000, 0x0000000687c00000|100%|HC|  |TAMS 0x0000000687800000| PB 0x0000000687800000| Complete 
| 275|0x0000000687c00000, 0x0000000688000000, 0x0000000688000000|100%|HC|  |TAMS 0x0000000687c00000| PB 0x0000000687c00000| Complete 
| 276|0x0000000688000000, 0x0000000688400000, 0x0000000688400000|100%|HC|  |TAMS 0x0000000688000000| PB 0x0000000688000000| Complete 
| 277|0x0000000688400000, 0x0000000688800000, 0x0000000688800000|100%|HC|  |TAMS 0x0000000688400000| PB 0x0000000688400000| Complete 
| 278|0x0000000688800000, 0x0000000688c00000, 0x0000000688c00000|100%|HC|  |TAMS 0x0000000688800000| PB 0x0000000688800000| Complete 
| 279|0x0000000688c00000, 0x0000000689000000, 0x0000000689000000|100%|HC|  |TAMS 0x0000000688c00000| PB 0x0000000688c00000| Complete 
| 280|0x0000000689000000, 0x0000000689400000, 0x0000000689400000|100%|HC|  |TAMS 0x0000000689000000| PB 0x0000000689000000| Complete 
| 281|0x0000000689400000, 0x0000000689800000, 0x0000000689800000|100%|HC|  |TAMS 0x0000000689400000| PB 0x0000000689400000| Complete 
| 282|0x0000000689800000, 0x0000000689c00000, 0x0000000689c00000|100%|HC|  |TAMS 0x0000000689800000| PB 0x0000000689800000| Complete 
| 283|0x0000000689c00000, 0x000000068a000000, 0x000000068a000000|100%|HC|  |TAMS 0x0000000689c00000| PB 0x0000000689c00000| Complete 
| 284|0x000000068a000000, 0x000000068a400000, 0x000000068a400000|100%|HC|  |TAMS 0x000000068a000000| PB 0x000000068a000000| Complete 
| 285|0x000000068a400000, 0x000000068a800000, 0x000000068a800000|100%|HC|  |TAMS 0x000000068a400000| PB 0x000000068a400000| Complete 
| 286|0x000000068a800000, 0x000000068ac00000, 0x000000068ac00000|100%|HC|  |TAMS 0x000000068a800000| PB 0x000000068a800000| Complete 
| 287|0x000000068ac00000, 0x000000068b000000, 0x000000068b000000|100%|HC|  |TAMS 0x000000068ac00000| PB 0x000000068ac00000| Complete 
| 288|0x000000068b000000, 0x000000068b400000, 0x000000068b400000|100%|HC|  |TAMS 0x000000068b000000| PB 0x000000068b000000| Complete 
| 289|0x000000068b400000, 0x000000068b800000, 0x000000068b800000|100%|HS|  |TAMS 0x000000068b400000| PB 0x000000068b400000| Complete 
| 290|0x000000068b800000, 0x000000068bc00000, 0x000000068bc00000|100%|HC|  |TAMS 0x000000068b800000| PB 0x000000068b800000| Complete 
| 291|0x000000068bc00000, 0x000000068c000000, 0x000000068c000000|100%|HC|  |TAMS 0x000000068bc00000| PB 0x000000068bc00000| Complete 
| 292|0x000000068c000000, 0x000000068c400000, 0x000000068c400000|100%|HC|  |TAMS 0x000000068c000000| PB 0x000000068c000000| Complete 
| 293|0x000000068c400000, 0x000000068c800000, 0x000000068c800000|100%|HC|  |TAMS 0x000000068c400000| PB 0x000000068c400000| Complete 
| 294|0x000000068c800000, 0x000000068cc00000, 0x000000068cc00000|100%|HC|  |TAMS 0x000000068c800000| PB 0x000000068c800000| Complete 
| 295|0x000000068cc00000, 0x000000068d000000, 0x000000068d000000|100%|HC|  |TAMS 0x000000068cc00000| PB 0x000000068cc00000| Complete 
| 296|0x000000068d000000, 0x000000068d400000, 0x000000068d400000|100%|HC|  |TAMS 0x000000068d000000| PB 0x000000068d000000| Complete 
| 297|0x000000068d400000, 0x000000068d800000, 0x000000068d800000|100%|HC|  |TAMS 0x000000068d400000| PB 0x000000068d400000| Complete 
| 298|0x000000068d800000, 0x000000068dc00000, 0x000000068dc00000|100%|HC|  |TAMS 0x000000068d800000| PB 0x000000068d800000| Complete 
| 299|0x000000068dc00000, 0x000000068e000000, 0x000000068e000000|100%|HC|  |TAMS 0x000000068dc00000| PB 0x000000068dc00000| Complete 
| 300|0x000000068e000000, 0x000000068e400000, 0x000000068e400000|100%|HC|  |TAMS 0x000000068e000000| PB 0x000000068e000000| Complete 
| 301|0x000000068e400000, 0x000000068e800000, 0x000000068e800000|100%|HC|  |TAMS 0x000000068e400000| PB 0x000000068e400000| Complete 
| 302|0x000000068e800000, 0x000000068ec00000, 0x000000068ec00000|100%|HC|  |TAMS 0x000000068e800000| PB 0x000000068e800000| Complete 
| 303|0x000000068ec00000, 0x000000068f000000, 0x000000068f000000|100%|HC|  |TAMS 0x000000068ec00000| PB 0x000000068ec00000| Complete 
| 304|0x000000068f000000, 0x000000068f400000, 0x000000068f400000|100%|HC|  |TAMS 0x000000068f000000| PB 0x000000068f000000| Complete 
| 305|0x000000068f400000, 0x000000068f800000, 0x000000068f800000|100%|HC|  |TAMS 0x000000068f400000| PB 0x000000068f400000| Complete 
| 306|0x000000068f800000, 0x000000068fc00000, 0x000000068fc00000|100%|HC|  |TAMS 0x000000068f800000| PB 0x000000068f800000| Complete 
| 307|0x000000068fc00000, 0x0000000690000000, 0x0000000690000000|100%|HC|  |TAMS 0x000000068fc00000| PB 0x000000068fc00000| Complete 
| 308|0x0000000690000000, 0x0000000690400000, 0x0000000690400000|100%|HC|  |TAMS 0x0000000690000000| PB 0x0000000690000000| Complete 
| 309|0x0000000690400000, 0x0000000690800000, 0x0000000690800000|100%|HC|  |TAMS 0x0000000690400000| PB 0x0000000690400000| Complete 
| 310|0x0000000690800000, 0x0000000690c00000, 0x0000000690c00000|100%|HC|  |TAMS 0x0000000690800000| PB 0x0000000690800000| Complete 
| 311|0x0000000690c00000, 0x0000000691000000, 0x0000000691000000|100%|HC|  |TAMS 0x0000000690c00000| PB 0x0000000690c00000| Complete 
| 312|0x0000000691000000, 0x0000000691400000, 0x0000000691400000|100%|HC|  |TAMS 0x0000000691000000| PB 0x0000000691000000| Complete 
| 313|0x0000000691400000, 0x0000000691800000, 0x0000000691800000|100%|HC|  |TAMS 0x0000000691400000| PB 0x0000000691400000| Complete 
| 314|0x0000000691800000, 0x0000000691c00000, 0x0000000691c00000|100%|HC|  |TAMS 0x0000000691800000| PB 0x0000000691800000| Complete 
| 315|0x0000000691c00000, 0x0000000692000000, 0x0000000692000000|100%|HC|  |TAMS 0x0000000691c00000| PB 0x0000000691c00000| Complete 
| 316|0x0000000692000000, 0x0000000692400000, 0x0000000692400000|100%|HC|  |TAMS 0x0000000692000000| PB 0x0000000692000000| Complete 
| 317|0x0000000692400000, 0x0000000692800000, 0x0000000692800000|100%|HC|  |TAMS 0x0000000692400000| PB 0x0000000692400000| Complete 
| 318|0x0000000692800000, 0x0000000692c00000, 0x0000000692c00000|100%|HC|  |TAMS 0x0000000692800000| PB 0x0000000692800000| Complete 
| 319|0x0000000692c00000, 0x0000000693000000, 0x0000000693000000|100%|HC|  |TAMS 0x0000000692c00000| PB 0x0000000692c00000| Complete 
| 320|0x0000000693000000, 0x0000000693400000, 0x0000000693400000|100%|HC|  |TAMS 0x0000000693000000| PB 0x0000000693000000| Complete 
| 321|0x0000000693400000, 0x0000000693800000, 0x0000000693800000|100%|HC|  |TAMS 0x0000000693400000| PB 0x0000000693400000| Complete 
| 322|0x0000000693800000, 0x0000000693c00000, 0x0000000693c00000|100%|HC|  |TAMS 0x0000000693800000| PB 0x0000000693800000| Complete 
| 323|0x0000000693c00000, 0x0000000694000000, 0x0000000694000000|100%|HC|  |TAMS 0x0000000693c00000| PB 0x0000000693c00000| Complete 
| 324|0x0000000694000000, 0x0000000694400000, 0x0000000694400000|100%|HC|  |TAMS 0x0000000694000000| PB 0x0000000694000000| Complete 
| 325|0x0000000694400000, 0x0000000694800000, 0x0000000694800000|100%|HC|  |TAMS 0x0000000694400000| PB 0x0000000694400000| Complete 
| 326|0x0000000694800000, 0x0000000694c00000, 0x0000000694c00000|100%|HC|  |TAMS 0x0000000694800000| PB 0x0000000694800000| Complete 
| 327|0x0000000694c00000, 0x0000000695000000, 0x0000000695000000|100%|HC|  |TAMS 0x0000000694c00000| PB 0x0000000694c00000| Complete 
| 328|0x0000000695000000, 0x0000000695400000, 0x0000000695400000|100%|HC|  |TAMS 0x0000000695000000| PB 0x0000000695000000| Complete 
| 329|0x0000000695400000, 0x0000000695800000, 0x0000000695800000|100%|HC|  |TAMS 0x0000000695400000| PB 0x0000000695400000| Complete 
| 330|0x0000000695800000, 0x0000000695c00000, 0x0000000695c00000|100%|HC|  |TAMS 0x0000000695800000| PB 0x0000000695800000| Complete 
| 331|0x0000000695c00000, 0x0000000696000000, 0x0000000696000000|100%|HC|  |TAMS 0x0000000695c00000| PB 0x0000000695c00000| Complete 
| 332|0x0000000696000000, 0x0000000696400000, 0x0000000696400000|100%|HC|  |TAMS 0x0000000696000000| PB 0x0000000696000000| Complete 
| 333|0x0000000696400000, 0x0000000696800000, 0x0000000696800000|100%|HC|  |TAMS 0x0000000696400000| PB 0x0000000696400000| Complete 
| 334|0x0000000696800000, 0x0000000696c00000, 0x0000000696c00000|100%|HC|  |TAMS 0x0000000696800000| PB 0x0000000696800000| Complete 
| 335|0x0000000696c00000, 0x0000000697000000, 0x0000000697000000|100%|HC|  |TAMS 0x0000000696c00000| PB 0x0000000696c00000| Complete 
| 336|0x0000000697000000, 0x0000000697400000, 0x0000000697400000|100%|HC|  |TAMS 0x0000000697000000| PB 0x0000000697000000| Complete 
| 337|0x0000000697400000, 0x0000000697800000, 0x0000000697800000|100%|HC|  |TAMS 0x0000000697400000| PB 0x0000000697400000| Complete 
| 338|0x0000000697800000, 0x0000000697c00000, 0x0000000697c00000|100%|HC|  |TAMS 0x0000000697800000| PB 0x0000000697800000| Complete 
| 339|0x0000000697c00000, 0x0000000698000000, 0x0000000698000000|100%|HC|  |TAMS 0x0000000697c00000| PB 0x0000000697c00000| Complete 
| 340|0x0000000698000000, 0x0000000698400000, 0x0000000698400000|100%|HC|  |TAMS 0x0000000698000000| PB 0x0000000698000000| Complete 
| 341|0x0000000698400000, 0x0000000698800000, 0x0000000698800000|100%|HC|  |TAMS 0x0000000698400000| PB 0x0000000698400000| Complete 
| 342|0x0000000698800000, 0x0000000698c00000, 0x0000000698c00000|100%|HC|  |TAMS 0x0000000698800000| PB 0x0000000698800000| Complete 
| 343|0x0000000698c00000, 0x0000000699000000, 0x0000000699000000|100%|HC|  |TAMS 0x0000000698c00000| PB 0x0000000698c00000| Complete 
| 344|0x0000000699000000, 0x0000000699400000, 0x0000000699400000|100%|HC|  |TAMS 0x0000000699000000| PB 0x0000000699000000| Complete 
| 345|0x0000000699400000, 0x0000000699800000, 0x0000000699800000|100%|HC|  |TAMS 0x0000000699400000| PB 0x0000000699400000| Complete 
| 346|0x0000000699800000, 0x0000000699c00000, 0x0000000699c00000|100%|HC|  |TAMS 0x0000000699800000| PB 0x0000000699800000| Complete 
| 347|0x0000000699c00000, 0x000000069a000000, 0x000000069a000000|100%|HC|  |TAMS 0x0000000699c00000| PB 0x0000000699c00000| Complete 
| 348|0x000000069a000000, 0x000000069a400000, 0x000000069a400000|100%|HC|  |TAMS 0x000000069a000000| PB 0x000000069a000000| Complete 
| 349|0x000000069a400000, 0x000000069a800000, 0x000000069a800000|100%|HC|  |TAMS 0x000000069a400000| PB 0x000000069a400000| Complete 
| 350|0x000000069a800000, 0x000000069ac00000, 0x000000069ac00000|100%|HC|  |TAMS 0x000000069a800000| PB 0x000000069a800000| Complete 
| 351|0x000000069ac00000, 0x000000069b000000, 0x000000069b000000|100%|HC|  |TAMS 0x000000069ac00000| PB 0x000000069ac00000| Complete 
| 352|0x000000069b000000, 0x000000069b400000, 0x000000069b400000|100%|HC|  |TAMS 0x000000069b000000| PB 0x000000069b000000| Complete 
| 353|0x000000069b400000, 0x000000069b800000, 0x000000069b800000|100%|HC|  |TAMS 0x000000069b400000| PB 0x000000069b400000| Complete 
| 354|0x000000069b800000, 0x000000069bc00000, 0x000000069bc00000|100%|HC|  |TAMS 0x000000069b800000| PB 0x000000069b800000| Complete 
| 355|0x000000069bc00000, 0x000000069c000000, 0x000000069c000000|100%|HC|  |TAMS 0x000000069bc00000| PB 0x000000069bc00000| Complete 
| 356|0x000000069c000000, 0x000000069c400000, 0x000000069c400000|100%|HC|  |TAMS 0x000000069c000000| PB 0x000000069c000000| Complete 
| 357|0x000000069c400000, 0x000000069c800000, 0x000000069c800000|100%|HC|  |TAMS 0x000000069c400000| PB 0x000000069c400000| Complete 
| 358|0x000000069c800000, 0x000000069cc00000, 0x000000069cc00000|100%|HC|  |TAMS 0x000000069c800000| PB 0x000000069c800000| Complete 
| 359|0x000000069cc00000, 0x000000069d000000, 0x000000069d000000|100%|HC|  |TAMS 0x000000069cc00000| PB 0x000000069cc00000| Complete 
| 360|0x000000069d000000, 0x000000069d400000, 0x000000069d400000|100%|HC|  |TAMS 0x000000069d000000| PB 0x000000069d000000| Complete 
| 361|0x000000069d400000, 0x000000069d800000, 0x000000069d800000|100%|HC|  |TAMS 0x000000069d400000| PB 0x000000069d400000| Complete 
| 362|0x000000069d800000, 0x000000069dc00000, 0x000000069dc00000|100%|HC|  |TAMS 0x000000069d800000| PB 0x000000069d800000| Complete 
| 363|0x000000069dc00000, 0x000000069e000000, 0x000000069e000000|100%|HC|  |TAMS 0x000000069dc00000| PB 0x000000069dc00000| Complete 
| 364|0x000000069e000000, 0x000000069e400000, 0x000000069e400000|100%|HC|  |TAMS 0x000000069e000000| PB 0x000000069e000000| Complete 
| 365|0x000000069e400000, 0x000000069e800000, 0x000000069e800000|100%|HC|  |TAMS 0x000000069e400000| PB 0x000000069e400000| Complete 
| 366|0x000000069e800000, 0x000000069ec00000, 0x000000069ec00000|100%|HC|  |TAMS 0x000000069e800000| PB 0x000000069e800000| Complete 
| 367|0x000000069ec00000, 0x000000069f000000, 0x000000069f000000|100%|HC|  |TAMS 0x000000069ec00000| PB 0x000000069ec00000| Complete 
| 368|0x000000069f000000, 0x000000069f400000, 0x000000069f400000|100%|HC|  |TAMS 0x000000069f000000| PB 0x000000069f000000| Complete 
| 369|0x000000069f400000, 0x000000069f800000, 0x000000069f800000|100%|HC|  |TAMS 0x000000069f400000| PB 0x000000069f400000| Complete 
| 370|0x000000069f800000, 0x000000069fc00000, 0x000000069fc00000|100%|HC|  |TAMS 0x000000069f800000| PB 0x000000069f800000| Complete 
| 371|0x000000069fc00000, 0x00000006a0000000, 0x00000006a0000000|100%|HC|  |TAMS 0x000000069fc00000| PB 0x000000069fc00000| Complete 
| 372|0x00000006a0000000, 0x00000006a0400000, 0x00000006a0400000|100%|HC|  |TAMS 0x00000006a0000000| PB 0x00000006a0000000| Complete 
| 373|0x00000006a0400000, 0x00000006a0800000, 0x00000006a0800000|100%|HC|  |TAMS 0x00000006a0400000| PB 0x00000006a0400000| Complete 
| 374|0x00000006a0800000, 0x00000006a0c00000, 0x00000006a0c00000|100%|HS|  |TAMS 0x00000006a0800000| PB 0x00000006a0800000| Complete 
| 375|0x00000006a0c00000, 0x00000006a1000000, 0x00000006a1000000|100%|HC|  |TAMS 0x00000006a0c00000| PB 0x00000006a0c00000| Complete 
| 376|0x00000006a1000000, 0x00000006a1400000, 0x00000006a1400000|100%|HC|  |TAMS 0x00000006a1000000| PB 0x00000006a1000000| Complete 
| 377|0x00000006a1400000, 0x00000006a1800000, 0x00000006a1800000|100%|HC|  |TAMS 0x00000006a1400000| PB 0x00000006a1400000| Complete 
| 378|0x00000006a1800000, 0x00000006a1c00000, 0x00000006a1c00000|100%|HC|  |TAMS 0x00000006a1800000| PB 0x00000006a1800000| Complete 
| 379|0x00000006a1c00000, 0x00000006a2000000, 0x00000006a2000000|100%|HC|  |TAMS 0x00000006a1c00000| PB 0x00000006a1c00000| Complete 
| 380|0x00000006a2000000, 0x00000006a2400000, 0x00000006a2400000|100%|HC|  |TAMS 0x00000006a2000000| PB 0x00000006a2000000| Complete 
| 381|0x00000006a2400000, 0x00000006a2800000, 0x00000006a2800000|100%|HC|  |TAMS 0x00000006a2400000| PB 0x00000006a2400000| Complete 
| 382|0x00000006a2800000, 0x00000006a2c00000, 0x00000006a2c00000|100%|HC|  |TAMS 0x00000006a2800000| PB 0x00000006a2800000| Complete 
| 383|0x00000006a2c00000, 0x00000006a3000000, 0x00000006a3000000|100%|HC|  |TAMS 0x00000006a2c00000| PB 0x00000006a2c00000| Complete 
| 384|0x00000006a3000000, 0x00000006a3400000, 0x00000006a3400000|100%|HC|  |TAMS 0x00000006a3000000| PB 0x00000006a3000000| Complete 
| 385|0x00000006a3400000, 0x00000006a3800000, 0x00000006a3800000|100%|HC|  |TAMS 0x00000006a3400000| PB 0x00000006a3400000| Complete 
| 386|0x00000006a3800000, 0x00000006a3c00000, 0x00000006a3c00000|100%|HC|  |TAMS 0x00000006a3800000| PB 0x00000006a3800000| Complete 
| 387|0x00000006a3c00000, 0x00000006a4000000, 0x00000006a4000000|100%|HC|  |TAMS 0x00000006a3c00000| PB 0x00000006a3c00000| Complete 
| 388|0x00000006a4000000, 0x00000006a4400000, 0x00000006a4400000|100%|HC|  |TAMS 0x00000006a4000000| PB 0x00000006a4000000| Complete 
| 389|0x00000006a4400000, 0x00000006a4800000, 0x00000006a4800000|100%|HC|  |TAMS 0x00000006a4400000| PB 0x00000006a4400000| Complete 
| 390|0x00000006a4800000, 0x00000006a4c00000, 0x00000006a4c00000|100%|HC|  |TAMS 0x00000006a4800000| PB 0x00000006a4800000| Complete 
| 391|0x00000006a4c00000, 0x00000006a5000000, 0x00000006a5000000|100%|HC|  |TAMS 0x00000006a4c00000| PB 0x00000006a4c00000| Complete 
| 392|0x00000006a5000000, 0x00000006a5400000, 0x00000006a5400000|100%|HC|  |TAMS 0x00000006a5000000| PB 0x00000006a5000000| Complete 
| 393|0x00000006a5400000, 0x00000006a5800000, 0x00000006a5800000|100%|HC|  |TAMS 0x00000006a5400000| PB 0x00000006a5400000| Complete 
| 394|0x00000006a5800000, 0x00000006a5c00000, 0x00000006a5c00000|100%|HC|  |TAMS 0x00000006a5800000| PB 0x00000006a5800000| Complete 
| 395|0x00000006a5c00000, 0x00000006a6000000, 0x00000006a6000000|100%|HC|  |TAMS 0x00000006a5c00000| PB 0x00000006a5c00000| Complete 
| 396|0x00000006a6000000, 0x00000006a6400000, 0x00000006a6400000|100%|HC|  |TAMS 0x00000006a6000000| PB 0x00000006a6000000| Complete 
| 397|0x00000006a6400000, 0x00000006a6800000, 0x00000006a6800000|100%|HC|  |TAMS 0x00000006a6400000| PB 0x00000006a6400000| Complete 
| 398|0x00000006a6800000, 0x00000006a6c00000, 0x00000006a6c00000|100%|HC|  |TAMS 0x00000006a6800000| PB 0x00000006a6800000| Complete 
| 399|0x00000006a6c00000, 0x00000006a7000000, 0x00000006a7000000|100%|HC|  |TAMS 0x00000006a6c00000| PB 0x00000006a6c00000| Complete 
| 400|0x00000006a7000000, 0x00000006a7400000, 0x00000006a7400000|100%|HC|  |TAMS 0x00000006a7000000| PB 0x00000006a7000000| Complete 
| 401|0x00000006a7400000, 0x00000006a7800000, 0x00000006a7800000|100%|HC|  |TAMS 0x00000006a7400000| PB 0x00000006a7400000| Complete 
| 402|0x00000006a7800000, 0x00000006a7c00000, 0x00000006a7c00000|100%|HC|  |TAMS 0x00000006a7800000| PB 0x00000006a7800000| Complete 
| 403|0x00000006a7c00000, 0x00000006a8000000, 0x00000006a8000000|100%|HC|  |TAMS 0x00000006a7c00000| PB 0x00000006a7c00000| Complete 
| 404|0x00000006a8000000, 0x00000006a8400000, 0x00000006a8400000|100%|HC|  |TAMS 0x00000006a8000000| PB 0x00000006a8000000| Complete 
| 405|0x00000006a8400000, 0x00000006a8800000, 0x00000006a8800000|100%|HC|  |TAMS 0x00000006a8400000| PB 0x00000006a8400000| Complete 
| 406|0x00000006a8800000, 0x00000006a8c00000, 0x00000006a8c00000|100%|HC|  |TAMS 0x00000006a8800000| PB 0x00000006a8800000| Complete 
| 407|0x00000006a8c00000, 0x00000006a9000000, 0x00000006a9000000|100%|HC|  |TAMS 0x00000006a8c00000| PB 0x00000006a8c00000| Complete 
| 408|0x00000006a9000000, 0x00000006a9400000, 0x00000006a9400000|100%|HC|  |TAMS 0x00000006a9000000| PB 0x00000006a9000000| Complete 
| 409|0x00000006a9400000, 0x00000006a9800000, 0x00000006a9800000|100%|HC|  |TAMS 0x00000006a9400000| PB 0x00000006a9400000| Complete 
| 410|0x00000006a9800000, 0x00000006a9c00000, 0x00000006a9c00000|100%|HC|  |TAMS 0x00000006a9800000| PB 0x00000006a9800000| Complete 
| 411|0x00000006a9c00000, 0x00000006aa000000, 0x00000006aa000000|100%|HC|  |TAMS 0x00000006a9c00000| PB 0x00000006a9c00000| Complete 
| 412|0x00000006aa000000, 0x00000006aa400000, 0x00000006aa400000|100%|HC|  |TAMS 0x00000006aa000000| PB 0x00000006aa000000| Complete 
| 413|0x00000006aa400000, 0x00000006aa800000, 0x00000006aa800000|100%|HC|  |TAMS 0x00000006aa400000| PB 0x00000006aa400000| Complete 
| 414|0x00000006aa800000, 0x00000006aac00000, 0x00000006aac00000|100%|HC|  |TAMS 0x00000006aa800000| PB 0x00000006aa800000| Complete 
| 415|0x00000006aac00000, 0x00000006ab000000, 0x00000006ab000000|100%|HC|  |TAMS 0x00000006aac00000| PB 0x00000006aac00000| Complete 
| 416|0x00000006ab000000, 0x00000006ab400000, 0x00000006ab400000|100%|HC|  |TAMS 0x00000006ab000000| PB 0x00000006ab000000| Complete 
| 417|0x00000006ab400000, 0x00000006ab800000, 0x00000006ab800000|100%|HC|  |TAMS 0x00000006ab400000| PB 0x00000006ab400000| Complete 
| 418|0x00000006ab800000, 0x00000006abc00000, 0x00000006abc00000|100%|HC|  |TAMS 0x00000006ab800000| PB 0x00000006ab800000| Complete 
| 419|0x00000006abc00000, 0x00000006ac000000, 0x00000006ac000000|100%|HC|  |TAMS 0x00000006abc00000| PB 0x00000006abc00000| Complete 
| 420|0x00000006ac000000, 0x00000006ac400000, 0x00000006ac400000|100%|HC|  |TAMS 0x00000006ac000000| PB 0x00000006ac000000| Complete 
| 421|0x00000006ac400000, 0x00000006ac800000, 0x00000006ac800000|100%|HC|  |TAMS 0x00000006ac400000| PB 0x00000006ac400000| Complete 
| 422|0x00000006ac800000, 0x00000006acc00000, 0x00000006acc00000|100%|HC|  |TAMS 0x00000006ac800000| PB 0x00000006ac800000| Complete 
| 423|0x00000006acc00000, 0x00000006ad000000, 0x00000006ad000000|100%|HC|  |TAMS 0x00000006acc00000| PB 0x00000006acc00000| Complete 
| 424|0x00000006ad000000, 0x00000006ad400000, 0x00000006ad400000|100%|HC|  |TAMS 0x00000006ad000000| PB 0x00000006ad000000| Complete 
| 425|0x00000006ad400000, 0x00000006ad800000, 0x00000006ad800000|100%|HC|  |TAMS 0x00000006ad400000| PB 0x00000006ad400000| Complete 
| 426|0x00000006ad800000, 0x00000006adc00000, 0x00000006adc00000|100%|HC|  |TAMS 0x00000006ad800000| PB 0x00000006ad800000| Complete 
| 427|0x00000006adc00000, 0x00000006ae000000, 0x00000006ae000000|100%|HC|  |TAMS 0x00000006adc00000| PB 0x00000006adc00000| Complete 
| 428|0x00000006ae000000, 0x00000006ae400000, 0x00000006ae400000|100%|HC|  |TAMS 0x00000006ae000000| PB 0x00000006ae000000| Complete 
| 429|0x00000006ae400000, 0x00000006ae800000, 0x00000006ae800000|100%|HC|  |TAMS 0x00000006ae400000| PB 0x00000006ae400000| Complete 
| 430|0x00000006ae800000, 0x00000006aec00000, 0x00000006aec00000|100%|HC|  |TAMS 0x00000006ae800000| PB 0x00000006ae800000| Complete 
| 431|0x00000006aec00000, 0x00000006af000000, 0x00000006af000000|100%|HC|  |TAMS 0x00000006aec00000| PB 0x00000006aec00000| Complete 
| 432|0x00000006af000000, 0x00000006af400000, 0x00000006af400000|100%|HC|  |TAMS 0x00000006af000000| PB 0x00000006af000000| Complete 
| 433|0x00000006af400000, 0x00000006af800000, 0x00000006af800000|100%|HC|  |TAMS 0x00000006af400000| PB 0x00000006af400000| Complete 
| 434|0x00000006af800000, 0x00000006afc00000, 0x00000006afc00000|100%|HC|  |TAMS 0x00000006af800000| PB 0x00000006af800000| Complete 
| 435|0x00000006afc00000, 0x00000006b0000000, 0x00000006b0000000|100%|HC|  |TAMS 0x00000006afc00000| PB 0x00000006afc00000| Complete 
| 436|0x00000006b0000000, 0x00000006b0400000, 0x00000006b0400000|100%|HC|  |TAMS 0x00000006b0000000| PB 0x00000006b0000000| Complete 
| 437|0x00000006b0400000, 0x00000006b0800000, 0x00000006b0800000|100%|HC|  |TAMS 0x00000006b0400000| PB 0x00000006b0400000| Complete 
| 438|0x00000006b0800000, 0x00000006b0c00000, 0x00000006b0c00000|100%|HC|  |TAMS 0x00000006b0800000| PB 0x00000006b0800000| Complete 
| 439|0x00000006b0c00000, 0x00000006b1000000, 0x00000006b1000000|100%|HC|  |TAMS 0x00000006b0c00000| PB 0x00000006b0c00000| Complete 
| 440|0x00000006b1000000, 0x00000006b1400000, 0x00000006b1400000|100%|HC|  |TAMS 0x00000006b1000000| PB 0x00000006b1000000| Complete 
| 441|0x00000006b1400000, 0x00000006b1800000, 0x00000006b1800000|100%|HC|  |TAMS 0x00000006b1400000| PB 0x00000006b1400000| Complete 
| 442|0x00000006b1800000, 0x00000006b1c00000, 0x00000006b1c00000|100%|HC|  |TAMS 0x00000006b1800000| PB 0x00000006b1800000| Complete 
| 443|0x00000006b1c00000, 0x00000006b2000000, 0x00000006b2000000|100%|HC|  |TAMS 0x00000006b1c00000| PB 0x00000006b1c00000| Complete 
| 444|0x00000006b2000000, 0x00000006b2400000, 0x00000006b2400000|100%|HC|  |TAMS 0x00000006b2000000| PB 0x00000006b2000000| Complete 
| 445|0x00000006b2400000, 0x00000006b2800000, 0x00000006b2800000|100%|HC|  |TAMS 0x00000006b2400000| PB 0x00000006b2400000| Complete 
| 446|0x00000006b2800000, 0x00000006b2c00000, 0x00000006b2c00000|100%|HC|  |TAMS 0x00000006b2800000| PB 0x00000006b2800000| Complete 
| 447|0x00000006b2c00000, 0x00000006b3000000, 0x00000006b3000000|100%|HC|  |TAMS 0x00000006b2c00000| PB 0x00000006b2c00000| Complete 
| 448|0x00000006b3000000, 0x00000006b3400000, 0x00000006b3400000|100%|HC|  |TAMS 0x00000006b3000000| PB 0x00000006b3000000| Complete 
| 449|0x00000006b3400000, 0x00000006b3800000, 0x00000006b3800000|100%|HC|  |TAMS 0x00000006b3400000| PB 0x00000006b3400000| Complete 
| 450|0x00000006b3800000, 0x00000006b3c00000, 0x00000006b3c00000|100%|HC|  |TAMS 0x00000006b3800000| PB 0x00000006b3800000| Complete 
| 451|0x00000006b3c00000, 0x00000006b4000000, 0x00000006b4000000|100%|HC|  |TAMS 0x00000006b3c00000| PB 0x00000006b3c00000| Complete 
| 452|0x00000006b4000000, 0x00000006b4400000, 0x00000006b4400000|100%|HC|  |TAMS 0x00000006b4000000| PB 0x00000006b4000000| Complete 
| 453|0x00000006b4400000, 0x00000006b4800000, 0x00000006b4800000|100%|HC|  |TAMS 0x00000006b4400000| PB 0x00000006b4400000| Complete 
| 454|0x00000006b4800000, 0x00000006b4c00000, 0x00000006b4c00000|100%|HC|  |TAMS 0x00000006b4800000| PB 0x00000006b4800000| Complete 
| 455|0x00000006b4c00000, 0x00000006b5000000, 0x00000006b5000000|100%|HC|  |TAMS 0x00000006b4c00000| PB 0x00000006b4c00000| Complete 
| 456|0x00000006b5000000, 0x00000006b5400000, 0x00000006b5400000|100%|HC|  |TAMS 0x00000006b5000000| PB 0x00000006b5000000| Complete 
| 457|0x00000006b5400000, 0x00000006b5800000, 0x00000006b5800000|100%|HC|  |TAMS 0x00000006b5400000| PB 0x00000006b5400000| Complete 
| 458|0x00000006b5800000, 0x00000006b5c00000, 0x00000006b5c00000|100%|HC|  |TAMS 0x00000006b5800000| PB 0x00000006b5800000| Complete 
| 459|0x00000006b5c00000, 0x00000006b6000000, 0x00000006b6000000|100%|HS|  |TAMS 0x00000006b5c00000| PB 0x00000006b5c00000| Complete 
| 460|0x00000006b6000000, 0x00000006b6400000, 0x00000006b6400000|100%|HC|  |TAMS 0x00000006b6000000| PB 0x00000006b6000000| Complete 
| 461|0x00000006b6400000, 0x00000006b6800000, 0x00000006b6800000|100%|HC|  |TAMS 0x00000006b6400000| PB 0x00000006b6400000| Complete 
| 462|0x00000006b6800000, 0x00000006b6c00000, 0x00000006b6c00000|100%|HC|  |TAMS 0x00000006b6800000| PB 0x00000006b6800000| Complete 
| 463|0x00000006b6c00000, 0x00000006b7000000, 0x00000006b7000000|100%|HC|  |TAMS 0x00000006b6c00000| PB 0x00000006b6c00000| Complete 
| 464|0x00000006b7000000, 0x00000006b7400000, 0x00000006b7400000|100%|HC|  |TAMS 0x00000006b7000000| PB 0x00000006b7000000| Complete 
| 465|0x00000006b7400000, 0x00000006b7800000, 0x00000006b7800000|100%|HC|  |TAMS 0x00000006b7400000| PB 0x00000006b7400000| Complete 
| 466|0x00000006b7800000, 0x00000006b7c00000, 0x00000006b7c00000|100%|HC|  |TAMS 0x00000006b7800000| PB 0x00000006b7800000| Complete 
| 467|0x00000006b7c00000, 0x00000006b8000000, 0x00000006b8000000|100%|HC|  |TAMS 0x00000006b7c00000| PB 0x00000006b7c00000| Complete 
| 468|0x00000006b8000000, 0x00000006b8400000, 0x00000006b8400000|100%|HC|  |TAMS 0x00000006b8000000| PB 0x00000006b8000000| Complete 
| 469|0x00000006b8400000, 0x00000006b8800000, 0x00000006b8800000|100%|HC|  |TAMS 0x00000006b8400000| PB 0x00000006b8400000| Complete 
| 470|0x00000006b8800000, 0x00000006b8c00000, 0x00000006b8c00000|100%|HC|  |TAMS 0x00000006b8800000| PB 0x00000006b8800000| Complete 
| 471|0x00000006b8c00000, 0x00000006b9000000, 0x00000006b9000000|100%|HC|  |TAMS 0x00000006b8c00000| PB 0x00000006b8c00000| Complete 
| 472|0x00000006b9000000, 0x00000006b9400000, 0x00000006b9400000|100%|HC|  |TAMS 0x00000006b9000000| PB 0x00000006b9000000| Complete 
| 473|0x00000006b9400000, 0x00000006b9800000, 0x00000006b9800000|100%|HC|  |TAMS 0x00000006b9400000| PB 0x00000006b9400000| Complete 
| 474|0x00000006b9800000, 0x00000006b9c00000, 0x00000006b9c00000|100%|HC|  |TAMS 0x00000006b9800000| PB 0x00000006b9800000| Complete 
| 475|0x00000006b9c00000, 0x00000006ba000000, 0x00000006ba000000|100%|HC|  |TAMS 0x00000006b9c00000| PB 0x00000006b9c00000| Complete 
| 476|0x00000006ba000000, 0x00000006ba400000, 0x00000006ba400000|100%|HC|  |TAMS 0x00000006ba000000| PB 0x00000006ba000000| Complete 
| 477|0x00000006ba400000, 0x00000006ba800000, 0x00000006ba800000|100%|HC|  |TAMS 0x00000006ba400000| PB 0x00000006ba400000| Complete 
| 478|0x00000006ba800000, 0x00000006bac00000, 0x00000006bac00000|100%|HC|  |TAMS 0x00000006ba800000| PB 0x00000006ba800000| Complete 
| 479|0x00000006bac00000, 0x00000006bb000000, 0x00000006bb000000|100%|HC|  |TAMS 0x00000006bac00000| PB 0x00000006bac00000| Complete 
| 480|0x00000006bb000000, 0x00000006bb400000, 0x00000006bb400000|100%|HC|  |TAMS 0x00000006bb000000| PB 0x00000006bb000000| Complete 
| 481|0x00000006bb400000, 0x00000006bb800000, 0x00000006bb800000|100%|HC|  |TAMS 0x00000006bb400000| PB 0x00000006bb400000| Complete 
| 482|0x00000006bb800000, 0x00000006bbc00000, 0x00000006bbc00000|100%|HC|  |TAMS 0x00000006bb800000| PB 0x00000006bb800000| Complete 
| 483|0x00000006bbc00000, 0x00000006bc000000, 0x00000006bc000000|100%|HC|  |TAMS 0x00000006bbc00000| PB 0x00000006bbc00000| Complete 
| 484|0x00000006bc000000, 0x00000006bc400000, 0x00000006bc400000|100%|HC|  |TAMS 0x00000006bc000000| PB 0x00000006bc000000| Complete 
| 485|0x00000006bc400000, 0x00000006bc800000, 0x00000006bc800000|100%|HC|  |TAMS 0x00000006bc400000| PB 0x00000006bc400000| Complete 
| 486|0x00000006bc800000, 0x00000006bcc00000, 0x00000006bcc00000|100%|HC|  |TAMS 0x00000006bc800000| PB 0x00000006bc800000| Complete 
| 487|0x00000006bcc00000, 0x00000006bd000000, 0x00000006bd000000|100%|HC|  |TAMS 0x00000006bcc00000| PB 0x00000006bcc00000| Complete 
| 488|0x00000006bd000000, 0x00000006bd400000, 0x00000006bd400000|100%|HC|  |TAMS 0x00000006bd000000| PB 0x00000006bd000000| Complete 
| 489|0x00000006bd400000, 0x00000006bd800000, 0x00000006bd800000|100%|HC|  |TAMS 0x00000006bd400000| PB 0x00000006bd400000| Complete 
| 490|0x00000006bd800000, 0x00000006bdc00000, 0x00000006bdc00000|100%|HC|  |TAMS 0x00000006bd800000| PB 0x00000006bd800000| Complete 
| 491|0x00000006bdc00000, 0x00000006be000000, 0x00000006be000000|100%|HC|  |TAMS 0x00000006bdc00000| PB 0x00000006bdc00000| Complete 
| 492|0x00000006be000000, 0x00000006be400000, 0x00000006be400000|100%|HC|  |TAMS 0x00000006be000000| PB 0x00000006be000000| Complete 
| 493|0x00000006be400000, 0x00000006be800000, 0x00000006be800000|100%|HC|  |TAMS 0x00000006be400000| PB 0x00000006be400000| Complete 
| 494|0x00000006be800000, 0x00000006bec00000, 0x00000006bec00000|100%|HC|  |TAMS 0x00000006be800000| PB 0x00000006be800000| Complete 
| 495|0x00000006bec00000, 0x00000006bf000000, 0x00000006bf000000|100%|HC|  |TAMS 0x00000006bec00000| PB 0x00000006bec00000| Complete 
| 496|0x00000006bf000000, 0x00000006bf400000, 0x00000006bf400000|100%|HC|  |TAMS 0x00000006bf000000| PB 0x00000006bf000000| Complete 
| 497|0x00000006bf400000, 0x00000006bf800000, 0x00000006bf800000|100%|HC|  |TAMS 0x00000006bf400000| PB 0x00000006bf400000| Complete 
| 498|0x00000006bf800000, 0x00000006bfc00000, 0x00000006bfc00000|100%|HC|  |TAMS 0x00000006bf800000| PB 0x00000006bf800000| Complete 
| 499|0x00000006bfc00000, 0x00000006c0000000, 0x00000006c0000000|100%|HC|  |TAMS 0x00000006bfc00000| PB 0x00000006bfc00000| Complete 
| 500|0x00000006c0000000, 0x00000006c0400000, 0x00000006c0400000|100%|HC|  |TAMS 0x00000006c0000000| PB 0x00000006c0000000| Complete 
| 501|0x00000006c0400000, 0x00000006c0800000, 0x00000006c0800000|100%|HC|  |TAMS 0x00000006c0400000| PB 0x00000006c0400000| Complete 
| 502|0x00000006c0800000, 0x00000006c0c00000, 0x00000006c0c00000|100%|HC|  |TAMS 0x00000006c0800000| PB 0x00000006c0800000| Complete 
| 503|0x00000006c0c00000, 0x00000006c1000000, 0x00000006c1000000|100%|HC|  |TAMS 0x00000006c0c00000| PB 0x00000006c0c00000| Complete 
| 504|0x00000006c1000000, 0x00000006c1400000, 0x00000006c1400000|100%|HC|  |TAMS 0x00000006c1000000| PB 0x00000006c1000000| Complete 
| 505|0x00000006c1400000, 0x00000006c1800000, 0x00000006c1800000|100%|HC|  |TAMS 0x00000006c1400000| PB 0x00000006c1400000| Complete 
| 506|0x00000006c1800000, 0x00000006c1c00000, 0x00000006c1c00000|100%|HC|  |TAMS 0x00000006c1800000| PB 0x00000006c1800000| Complete 
| 507|0x00000006c1c00000, 0x00000006c2000000, 0x00000006c2000000|100%|HC|  |TAMS 0x00000006c1c00000| PB 0x00000006c1c00000| Complete 
| 508|0x00000006c2000000, 0x00000006c2400000, 0x00000006c2400000|100%|HC|  |TAMS 0x00000006c2000000| PB 0x00000006c2000000| Complete 
| 509|0x00000006c2400000, 0x00000006c2800000, 0x00000006c2800000|100%|HC|  |TAMS 0x00000006c2400000| PB 0x00000006c2400000| Complete 
| 510|0x00000006c2800000, 0x00000006c2c00000, 0x00000006c2c00000|100%|HC|  |TAMS 0x00000006c2800000| PB 0x00000006c2800000| Complete 
| 511|0x00000006c2c00000, 0x00000006c3000000, 0x00000006c3000000|100%|HC|  |TAMS 0x00000006c2c00000| PB 0x00000006c2c00000| Complete 
| 512|0x00000006c3000000, 0x00000006c3400000, 0x00000006c3400000|100%|HC|  |TAMS 0x00000006c3000000| PB 0x00000006c3000000| Complete 
| 513|0x00000006c3400000, 0x00000006c3800000, 0x00000006c3800000|100%|HC|  |TAMS 0x00000006c3400000| PB 0x00000006c3400000| Complete 
| 514|0x00000006c3800000, 0x00000006c3c00000, 0x00000006c3c00000|100%|HC|  |TAMS 0x00000006c3800000| PB 0x00000006c3800000| Complete 
| 515|0x00000006c3c00000, 0x00000006c4000000, 0x00000006c4000000|100%|HC|  |TAMS 0x00000006c3c00000| PB 0x00000006c3c00000| Complete 
| 516|0x00000006c4000000, 0x00000006c4400000, 0x00000006c4400000|100%|HC|  |TAMS 0x00000006c4000000| PB 0x00000006c4000000| Complete 
| 517|0x00000006c4400000, 0x00000006c4800000, 0x00000006c4800000|100%|HC|  |TAMS 0x00000006c4400000| PB 0x00000006c4400000| Complete 
| 518|0x00000006c4800000, 0x00000006c4c00000, 0x00000006c4c00000|100%|HC|  |TAMS 0x00000006c4800000| PB 0x00000006c4800000| Complete 
| 519|0x00000006c4c00000, 0x00000006c5000000, 0x00000006c5000000|100%|HC|  |TAMS 0x00000006c4c00000| PB 0x00000006c4c00000| Complete 
| 520|0x00000006c5000000, 0x00000006c5400000, 0x00000006c5400000|100%|HC|  |TAMS 0x00000006c5000000| PB 0x00000006c5000000| Complete 
| 521|0x00000006c5400000, 0x00000006c5800000, 0x00000006c5800000|100%|HC|  |TAMS 0x00000006c5400000| PB 0x00000006c5400000| Complete 
| 522|0x00000006c5800000, 0x00000006c5c00000, 0x00000006c5c00000|100%|HC|  |TAMS 0x00000006c5800000| PB 0x00000006c5800000| Complete 
| 523|0x00000006c5c00000, 0x00000006c6000000, 0x00000006c6000000|100%|HC|  |TAMS 0x00000006c5c00000| PB 0x00000006c5c00000| Complete 
| 524|0x00000006c6000000, 0x00000006c6400000, 0x00000006c6400000|100%|HC|  |TAMS 0x00000006c6000000| PB 0x00000006c6000000| Complete 
| 525|0x00000006c6400000, 0x00000006c6800000, 0x00000006c6800000|100%|HC|  |TAMS 0x00000006c6400000| PB 0x00000006c6400000| Complete 
| 526|0x00000006c6800000, 0x00000006c6c00000, 0x00000006c6c00000|100%|HC|  |TAMS 0x00000006c6800000| PB 0x00000006c6800000| Complete 
| 527|0x00000006c6c00000, 0x00000006c7000000, 0x00000006c7000000|100%|HC|  |TAMS 0x00000006c6c00000| PB 0x00000006c6c00000| Complete 
| 528|0x00000006c7000000, 0x00000006c7400000, 0x00000006c7400000|100%|HC|  |TAMS 0x00000006c7000000| PB 0x00000006c7000000| Complete 
| 529|0x00000006c7400000, 0x00000006c7800000, 0x00000006c7800000|100%|HC|  |TAMS 0x00000006c7400000| PB 0x00000006c7400000| Complete 
| 530|0x00000006c7800000, 0x00000006c7c00000, 0x00000006c7c00000|100%|HC|  |TAMS 0x00000006c7800000| PB 0x00000006c7800000| Complete 
| 531|0x00000006c7c00000, 0x00000006c8000000, 0x00000006c8000000|100%|HC|  |TAMS 0x00000006c7c00000| PB 0x00000006c7c00000| Complete 
| 532|0x00000006c8000000, 0x00000006c8400000, 0x00000006c8400000|100%|HC|  |TAMS 0x00000006c8000000| PB 0x00000006c8000000| Complete 
| 533|0x00000006c8400000, 0x00000006c8800000, 0x00000006c8800000|100%|HC|  |TAMS 0x00000006c8400000| PB 0x00000006c8400000| Complete 
| 534|0x00000006c8800000, 0x00000006c8c00000, 0x00000006c8c00000|100%|HC|  |TAMS 0x00000006c8800000| PB 0x00000006c8800000| Complete 
| 535|0x00000006c8c00000, 0x00000006c9000000, 0x00000006c9000000|100%|HC|  |TAMS 0x00000006c8c00000| PB 0x00000006c8c00000| Complete 
| 536|0x00000006c9000000, 0x00000006c9400000, 0x00000006c9400000|100%|HC|  |TAMS 0x00000006c9000000| PB 0x00000006c9000000| Complete 
| 537|0x00000006c9400000, 0x00000006c9800000, 0x00000006c9800000|100%|HC|  |TAMS 0x00000006c9400000| PB 0x00000006c9400000| Complete 
| 538|0x00000006c9800000, 0x00000006c9c00000, 0x00000006c9c00000|100%|HC|  |TAMS 0x00000006c9800000| PB 0x00000006c9800000| Complete 
| 539|0x00000006c9c00000, 0x00000006ca000000, 0x00000006ca000000|100%|HC|  |TAMS 0x00000006c9c00000| PB 0x00000006c9c00000| Complete 
| 540|0x00000006ca000000, 0x00000006ca400000, 0x00000006ca400000|100%|HC|  |TAMS 0x00000006ca000000| PB 0x00000006ca000000| Complete 
| 541|0x00000006ca400000, 0x00000006ca800000, 0x00000006ca800000|100%|HC|  |TAMS 0x00000006ca400000| PB 0x00000006ca400000| Complete 
| 542|0x00000006ca800000, 0x00000006cac00000, 0x00000006cac00000|100%|HC|  |TAMS 0x00000006ca800000| PB 0x00000006ca800000| Complete 
| 543|0x00000006cac00000, 0x00000006cb000000, 0x00000006cb000000|100%|HC|  |TAMS 0x00000006cac00000| PB 0x00000006cac00000| Complete 
| 544|0x00000006cb000000, 0x00000006cb400000, 0x00000006cb400000|100%|HS|  |TAMS 0x00000006cb000000| PB 0x00000006cb000000| Complete 
| 545|0x00000006cb400000, 0x00000006cb800000, 0x00000006cb800000|100%|HC|  |TAMS 0x00000006cb400000| PB 0x00000006cb400000| Complete 
| 546|0x00000006cb800000, 0x00000006cbc00000, 0x00000006cbc00000|100%|HC|  |TAMS 0x00000006cb800000| PB 0x00000006cb800000| Complete 
| 547|0x00000006cbc00000, 0x00000006cc000000, 0x00000006cc000000|100%|HC|  |TAMS 0x00000006cbc00000| PB 0x00000006cbc00000| Complete 
| 548|0x00000006cc000000, 0x00000006cc400000, 0x00000006cc400000|100%|HC|  |TAMS 0x00000006cc000000| PB 0x00000006cc000000| Complete 
| 549|0x00000006cc400000, 0x00000006cc800000, 0x00000006cc800000|100%|HC|  |TAMS 0x00000006cc400000| PB 0x00000006cc400000| Complete 
| 550|0x00000006cc800000, 0x00000006ccc00000, 0x00000006ccc00000|100%|HC|  |TAMS 0x00000006cc800000| PB 0x00000006cc800000| Complete 
| 551|0x00000006ccc00000, 0x00000006cd000000, 0x00000006cd000000|100%|HC|  |TAMS 0x00000006ccc00000| PB 0x00000006ccc00000| Complete 
| 552|0x00000006cd000000, 0x00000006cd400000, 0x00000006cd400000|100%|HC|  |TAMS 0x00000006cd000000| PB 0x00000006cd000000| Complete 
| 553|0x00000006cd400000, 0x00000006cd800000, 0x00000006cd800000|100%|HC|  |TAMS 0x00000006cd400000| PB 0x00000006cd400000| Complete 
| 554|0x00000006cd800000, 0x00000006cdc00000, 0x00000006cdc00000|100%|HC|  |TAMS 0x00000006cd800000| PB 0x00000006cd800000| Complete 
| 555|0x00000006cdc00000, 0x00000006ce000000, 0x00000006ce000000|100%|HC|  |TAMS 0x00000006cdc00000| PB 0x00000006cdc00000| Complete 
| 556|0x00000006ce000000, 0x00000006ce400000, 0x00000006ce400000|100%|HC|  |TAMS 0x00000006ce000000| PB 0x00000006ce000000| Complete 
| 557|0x00000006ce400000, 0x00000006ce800000, 0x00000006ce800000|100%|HC|  |TAMS 0x00000006ce400000| PB 0x00000006ce400000| Complete 
| 558|0x00000006ce800000, 0x00000006cec00000, 0x00000006cec00000|100%|HC|  |TAMS 0x00000006ce800000| PB 0x00000006ce800000| Complete 
| 559|0x00000006cec00000, 0x00000006cf000000, 0x00000006cf000000|100%|HC|  |TAMS 0x00000006cec00000| PB 0x00000006cec00000| Complete 
| 560|0x00000006cf000000, 0x00000006cf400000, 0x00000006cf400000|100%|HC|  |TAMS 0x00000006cf000000| PB 0x00000006cf000000| Complete 
| 561|0x00000006cf400000, 0x00000006cf800000, 0x00000006cf800000|100%|HC|  |TAMS 0x00000006cf400000| PB 0x00000006cf400000| Complete 
| 562|0x00000006cf800000, 0x00000006cfc00000, 0x00000006cfc00000|100%|HC|  |TAMS 0x00000006cf800000| PB 0x00000006cf800000| Complete 
| 563|0x00000006cfc00000, 0x00000006d0000000, 0x00000006d0000000|100%|HC|  |TAMS 0x00000006cfc00000| PB 0x00000006cfc00000| Complete 
| 564|0x00000006d0000000, 0x00000006d0400000, 0x00000006d0400000|100%|HC|  |TAMS 0x00000006d0000000| PB 0x00000006d0000000| Complete 
| 565|0x00000006d0400000, 0x00000006d0800000, 0x00000006d0800000|100%|HC|  |TAMS 0x00000006d0400000| PB 0x00000006d0400000| Complete 
| 566|0x00000006d0800000, 0x00000006d0c00000, 0x00000006d0c00000|100%|HC|  |TAMS 0x00000006d0800000| PB 0x00000006d0800000| Complete 
| 567|0x00000006d0c00000, 0x00000006d1000000, 0x00000006d1000000|100%|HC|  |TAMS 0x00000006d0c00000| PB 0x00000006d0c00000| Complete 
| 568|0x00000006d1000000, 0x00000006d1400000, 0x00000006d1400000|100%|HC|  |TAMS 0x00000006d1000000| PB 0x00000006d1000000| Complete 
| 569|0x00000006d1400000, 0x00000006d1800000, 0x00000006d1800000|100%|HC|  |TAMS 0x00000006d1400000| PB 0x00000006d1400000| Complete 
| 570|0x00000006d1800000, 0x00000006d1c00000, 0x00000006d1c00000|100%|HC|  |TAMS 0x00000006d1800000| PB 0x00000006d1800000| Complete 
| 571|0x00000006d1c00000, 0x00000006d2000000, 0x00000006d2000000|100%|HC|  |TAMS 0x00000006d1c00000| PB 0x00000006d1c00000| Complete 
| 572|0x00000006d2000000, 0x00000006d2400000, 0x00000006d2400000|100%|HC|  |TAMS 0x00000006d2000000| PB 0x00000006d2000000| Complete 
| 573|0x00000006d2400000, 0x00000006d2800000, 0x00000006d2800000|100%|HC|  |TAMS 0x00000006d2400000| PB 0x00000006d2400000| Complete 
| 574|0x00000006d2800000, 0x00000006d2c00000, 0x00000006d2c00000|100%|HC|  |TAMS 0x00000006d2800000| PB 0x00000006d2800000| Complete 
| 575|0x00000006d2c00000, 0x00000006d3000000, 0x00000006d3000000|100%|HC|  |TAMS 0x00000006d2c00000| PB 0x00000006d2c00000| Complete 
| 576|0x00000006d3000000, 0x00000006d3400000, 0x00000006d3400000|100%|HC|  |TAMS 0x00000006d3000000| PB 0x00000006d3000000| Complete 
| 577|0x00000006d3400000, 0x00000006d3800000, 0x00000006d3800000|100%|HC|  |TAMS 0x00000006d3400000| PB 0x00000006d3400000| Complete 
| 578|0x00000006d3800000, 0x00000006d3c00000, 0x00000006d3c00000|100%|HC|  |TAMS 0x00000006d3800000| PB 0x00000006d3800000| Complete 
| 579|0x00000006d3c00000, 0x00000006d4000000, 0x00000006d4000000|100%|HC|  |TAMS 0x00000006d3c00000| PB 0x00000006d3c00000| Complete 
| 580|0x00000006d4000000, 0x00000006d4400000, 0x00000006d4400000|100%|HC|  |TAMS 0x00000006d4000000| PB 0x00000006d4000000| Complete 
| 581|0x00000006d4400000, 0x00000006d4800000, 0x00000006d4800000|100%|HC|  |TAMS 0x00000006d4400000| PB 0x00000006d4400000| Complete 
| 582|0x00000006d4800000, 0x00000006d4c00000, 0x00000006d4c00000|100%|HC|  |TAMS 0x00000006d4800000| PB 0x00000006d4800000| Complete 
| 583|0x00000006d4c00000, 0x00000006d5000000, 0x00000006d5000000|100%|HC|  |TAMS 0x00000006d4c00000| PB 0x00000006d4c00000| Complete 
| 584|0x00000006d5000000, 0x00000006d5400000, 0x00000006d5400000|100%|HC|  |TAMS 0x00000006d5000000| PB 0x00000006d5000000| Complete 
| 585|0x00000006d5400000, 0x00000006d5800000, 0x00000006d5800000|100%|HC|  |TAMS 0x00000006d5400000| PB 0x00000006d5400000| Complete 
| 586|0x00000006d5800000, 0x00000006d5c00000, 0x00000006d5c00000|100%|HC|  |TAMS 0x00000006d5800000| PB 0x00000006d5800000| Complete 
| 587|0x00000006d5c00000, 0x00000006d6000000, 0x00000006d6000000|100%|HC|  |TAMS 0x00000006d5c00000| PB 0x00000006d5c00000| Complete 
| 588|0x00000006d6000000, 0x00000006d6400000, 0x00000006d6400000|100%|HC|  |TAMS 0x00000006d6000000| PB 0x00000006d6000000| Complete 
| 589|0x00000006d6400000, 0x00000006d6800000, 0x00000006d6800000|100%|HC|  |TAMS 0x00000006d6400000| PB 0x00000006d6400000| Complete 
| 590|0x00000006d6800000, 0x00000006d6c00000, 0x00000006d6c00000|100%|HC|  |TAMS 0x00000006d6800000| PB 0x00000006d6800000| Complete 
| 591|0x00000006d6c00000, 0x00000006d7000000, 0x00000006d7000000|100%|HC|  |TAMS 0x00000006d6c00000| PB 0x00000006d6c00000| Complete 
| 592|0x00000006d7000000, 0x00000006d7400000, 0x00000006d7400000|100%|HC|  |TAMS 0x00000006d7000000| PB 0x00000006d7000000| Complete 
| 593|0x00000006d7400000, 0x00000006d7800000, 0x00000006d7800000|100%|HC|  |TAMS 0x00000006d7400000| PB 0x00000006d7400000| Complete 
| 594|0x00000006d7800000, 0x00000006d7c00000, 0x00000006d7c00000|100%|HC|  |TAMS 0x00000006d7800000| PB 0x00000006d7800000| Complete 
| 595|0x00000006d7c00000, 0x00000006d8000000, 0x00000006d8000000|100%|HC|  |TAMS 0x00000006d7c00000| PB 0x00000006d7c00000| Complete 
| 596|0x00000006d8000000, 0x00000006d8400000, 0x00000006d8400000|100%|HC|  |TAMS 0x00000006d8000000| PB 0x00000006d8000000| Complete 
| 597|0x00000006d8400000, 0x00000006d8800000, 0x00000006d8800000|100%|HC|  |TAMS 0x00000006d8400000| PB 0x00000006d8400000| Complete 
| 598|0x00000006d8800000, 0x00000006d8c00000, 0x00000006d8c00000|100%|HC|  |TAMS 0x00000006d8800000| PB 0x00000006d8800000| Complete 
| 599|0x00000006d8c00000, 0x00000006d9000000, 0x00000006d9000000|100%|HC|  |TAMS 0x00000006d8c00000| PB 0x00000006d8c00000| Complete 
| 600|0x00000006d9000000, 0x00000006d9400000, 0x00000006d9400000|100%|HC|  |TAMS 0x00000006d9000000| PB 0x00000006d9000000| Complete 
| 601|0x00000006d9400000, 0x00000006d9800000, 0x00000006d9800000|100%|HC|  |TAMS 0x00000006d9400000| PB 0x00000006d9400000| Complete 
| 602|0x00000006d9800000, 0x00000006d9c00000, 0x00000006d9c00000|100%|HC|  |TAMS 0x00000006d9800000| PB 0x00000006d9800000| Complete 
| 603|0x00000006d9c00000, 0x00000006da000000, 0x00000006da000000|100%|HC|  |TAMS 0x00000006d9c00000| PB 0x00000006d9c00000| Complete 
| 604|0x00000006da000000, 0x00000006da400000, 0x00000006da400000|100%|HC|  |TAMS 0x00000006da000000| PB 0x00000006da000000| Complete 
| 605|0x00000006da400000, 0x00000006da800000, 0x00000006da800000|100%|HC|  |TAMS 0x00000006da400000| PB 0x00000006da400000| Complete 
| 606|0x00000006da800000, 0x00000006dac00000, 0x00000006dac00000|100%|HC|  |TAMS 0x00000006da800000| PB 0x00000006da800000| Complete 
| 607|0x00000006dac00000, 0x00000006db000000, 0x00000006db000000|100%|HC|  |TAMS 0x00000006dac00000| PB 0x00000006dac00000| Complete 
| 608|0x00000006db000000, 0x00000006db400000, 0x00000006db400000|100%|HC|  |TAMS 0x00000006db000000| PB 0x00000006db000000| Complete 
| 609|0x00000006db400000, 0x00000006db800000, 0x00000006db800000|100%|HC|  |TAMS 0x00000006db400000| PB 0x00000006db400000| Complete 
| 610|0x00000006db800000, 0x00000006dbc00000, 0x00000006dbc00000|100%|HC|  |TAMS 0x00000006db800000| PB 0x00000006db800000| Complete 
| 611|0x00000006dbc00000, 0x00000006dc000000, 0x00000006dc000000|100%|HC|  |TAMS 0x00000006dbc00000| PB 0x00000006dbc00000| Complete 
| 612|0x00000006dc000000, 0x00000006dc400000, 0x00000006dc400000|100%|HC|  |TAMS 0x00000006dc000000| PB 0x00000006dc000000| Complete 
| 613|0x00000006dc400000, 0x00000006dc800000, 0x00000006dc800000|100%|HC|  |TAMS 0x00000006dc400000| PB 0x00000006dc400000| Complete 
| 614|0x00000006dc800000, 0x00000006dcc00000, 0x00000006dcc00000|100%|HC|  |TAMS 0x00000006dc800000| PB 0x00000006dc800000| Complete 
| 615|0x00000006dcc00000, 0x00000006dd000000, 0x00000006dd000000|100%|HC|  |TAMS 0x00000006dcc00000| PB 0x00000006dcc00000| Complete 
| 616|0x00000006dd000000, 0x00000006dd400000, 0x00000006dd400000|100%|HC|  |TAMS 0x00000006dd000000| PB 0x00000006dd000000| Complete 
| 617|0x00000006dd400000, 0x00000006dd800000, 0x00000006dd800000|100%|HC|  |TAMS 0x00000006dd400000| PB 0x00000006dd400000| Complete 
| 618|0x00000006dd800000, 0x00000006ddc00000, 0x00000006ddc00000|100%|HC|  |TAMS 0x00000006dd800000| PB 0x00000006dd800000| Complete 
| 619|0x00000006ddc00000, 0x00000006de000000, 0x00000006de000000|100%|HC|  |TAMS 0x00000006ddc00000| PB 0x00000006ddc00000| Complete 
| 620|0x00000006de000000, 0x00000006de400000, 0x00000006de400000|100%|HC|  |TAMS 0x00000006de000000| PB 0x00000006de000000| Complete 
| 621|0x00000006de400000, 0x00000006de800000, 0x00000006de800000|100%|HC|  |TAMS 0x00000006de400000| PB 0x00000006de400000| Complete 
| 622|0x00000006de800000, 0x00000006dec00000, 0x00000006dec00000|100%|HC|  |TAMS 0x00000006de800000| PB 0x00000006de800000| Complete 
| 623|0x00000006dec00000, 0x00000006df000000, 0x00000006df000000|100%|HC|  |TAMS 0x00000006dec00000| PB 0x00000006dec00000| Complete 
| 624|0x00000006df000000, 0x00000006df400000, 0x00000006df400000|100%|HC|  |TAMS 0x00000006df000000| PB 0x00000006df000000| Complete 
| 625|0x00000006df400000, 0x00000006df800000, 0x00000006df800000|100%|HC|  |TAMS 0x00000006df400000| PB 0x00000006df400000| Complete 
| 626|0x00000006df800000, 0x00000006dfc00000, 0x00000006dfc00000|100%|HC|  |TAMS 0x00000006df800000| PB 0x00000006df800000| Complete 
| 627|0x00000006dfc00000, 0x00000006e0000000, 0x00000006e0000000|100%|HC|  |TAMS 0x00000006dfc00000| PB 0x00000006dfc00000| Complete 
| 628|0x00000006e0000000, 0x00000006e0400000, 0x00000006e0400000|100%|HC|  |TAMS 0x00000006e0000000| PB 0x00000006e0000000| Complete 
| 629|0x00000006e0400000, 0x00000006e0800000, 0x00000006e0800000|100%|HS|  |TAMS 0x00000006e0400000| PB 0x00000006e0400000| Complete 
| 630|0x00000006e0800000, 0x00000006e0c00000, 0x00000006e0c00000|100%|HC|  |TAMS 0x00000006e0800000| PB 0x00000006e0800000| Complete 
| 631|0x00000006e0c00000, 0x00000006e1000000, 0x00000006e1000000|100%|HC|  |TAMS 0x00000006e0c00000| PB 0x00000006e0c00000| Complete 
| 632|0x00000006e1000000, 0x00000006e1400000, 0x00000006e1400000|100%|HC|  |TAMS 0x00000006e1000000| PB 0x00000006e1000000| Complete 
| 633|0x00000006e1400000, 0x00000006e1800000, 0x00000006e1800000|100%|HC|  |TAMS 0x00000006e1400000| PB 0x00000006e1400000| Complete 
| 634|0x00000006e1800000, 0x00000006e1c00000, 0x00000006e1c00000|100%|HC|  |TAMS 0x00000006e1800000| PB 0x00000006e1800000| Complete 
| 635|0x00000006e1c00000, 0x00000006e2000000, 0x00000006e2000000|100%|HC|  |TAMS 0x00000006e1c00000| PB 0x00000006e1c00000| Complete 
| 636|0x00000006e2000000, 0x00000006e2400000, 0x00000006e2400000|100%|HC|  |TAMS 0x00000006e2000000| PB 0x00000006e2000000| Complete 
| 637|0x00000006e2400000, 0x00000006e2800000, 0x00000006e2800000|100%|HC|  |TAMS 0x00000006e2400000| PB 0x00000006e2400000| Complete 
| 638|0x00000006e2800000, 0x00000006e2c00000, 0x00000006e2c00000|100%|HC|  |TAMS 0x00000006e2800000| PB 0x00000006e2800000| Complete 
| 639|0x00000006e2c00000, 0x00000006e3000000, 0x00000006e3000000|100%|HC|  |TAMS 0x00000006e2c00000| PB 0x00000006e2c00000| Complete 
| 640|0x00000006e3000000, 0x00000006e3400000, 0x00000006e3400000|100%|HC|  |TAMS 0x00000006e3000000| PB 0x00000006e3000000| Complete 
| 641|0x00000006e3400000, 0x00000006e3800000, 0x00000006e3800000|100%|HC|  |TAMS 0x00000006e3400000| PB 0x00000006e3400000| Complete 
| 642|0x00000006e3800000, 0x00000006e3c00000, 0x00000006e3c00000|100%|HC|  |TAMS 0x00000006e3800000| PB 0x00000006e3800000| Complete 
| 643|0x00000006e3c00000, 0x00000006e4000000, 0x00000006e4000000|100%|HC|  |TAMS 0x00000006e3c00000| PB 0x00000006e3c00000| Complete 
| 644|0x00000006e4000000, 0x00000006e4400000, 0x00000006e4400000|100%|HC|  |TAMS 0x00000006e4000000| PB 0x00000006e4000000| Complete 
| 645|0x00000006e4400000, 0x00000006e4800000, 0x00000006e4800000|100%|HC|  |TAMS 0x00000006e4400000| PB 0x00000006e4400000| Complete 
| 646|0x00000006e4800000, 0x00000006e4c00000, 0x00000006e4c00000|100%|HC|  |TAMS 0x00000006e4800000| PB 0x00000006e4800000| Complete 
| 647|0x00000006e4c00000, 0x00000006e5000000, 0x00000006e5000000|100%|HC|  |TAMS 0x00000006e4c00000| PB 0x00000006e4c00000| Complete 
| 648|0x00000006e5000000, 0x00000006e5400000, 0x00000006e5400000|100%|HC|  |TAMS 0x00000006e5000000| PB 0x00000006e5000000| Complete 
| 649|0x00000006e5400000, 0x00000006e5800000, 0x00000006e5800000|100%|HC|  |TAMS 0x00000006e5400000| PB 0x00000006e5400000| Complete 
| 650|0x00000006e5800000, 0x00000006e5c00000, 0x00000006e5c00000|100%|HC|  |TAMS 0x00000006e5800000| PB 0x00000006e5800000| Complete 
| 651|0x00000006e5c00000, 0x00000006e6000000, 0x00000006e6000000|100%|HC|  |TAMS 0x00000006e5c00000| PB 0x00000006e5c00000| Complete 
| 652|0x00000006e6000000, 0x00000006e6400000, 0x00000006e6400000|100%|HC|  |TAMS 0x00000006e6000000| PB 0x00000006e6000000| Complete 
| 653|0x00000006e6400000, 0x00000006e6800000, 0x00000006e6800000|100%|HC|  |TAMS 0x00000006e6400000| PB 0x00000006e6400000| Complete 
| 654|0x00000006e6800000, 0x00000006e6c00000, 0x00000006e6c00000|100%|HC|  |TAMS 0x00000006e6800000| PB 0x00000006e6800000| Complete 
| 655|0x00000006e6c00000, 0x00000006e7000000, 0x00000006e7000000|100%|HC|  |TAMS 0x00000006e6c00000| PB 0x00000006e6c00000| Complete 
| 656|0x00000006e7000000, 0x00000006e7400000, 0x00000006e7400000|100%|HC|  |TAMS 0x00000006e7000000| PB 0x00000006e7000000| Complete 
| 657|0x00000006e7400000, 0x00000006e7800000, 0x00000006e7800000|100%|HC|  |TAMS 0x00000006e7400000| PB 0x00000006e7400000| Complete 
| 658|0x00000006e7800000, 0x00000006e7c00000, 0x00000006e7c00000|100%|HC|  |TAMS 0x00000006e7800000| PB 0x00000006e7800000| Complete 
| 659|0x00000006e7c00000, 0x00000006e8000000, 0x00000006e8000000|100%|HC|  |TAMS 0x00000006e7c00000| PB 0x00000006e7c00000| Complete 
| 660|0x00000006e8000000, 0x00000006e8400000, 0x00000006e8400000|100%|HC|  |TAMS 0x00000006e8000000| PB 0x00000006e8000000| Complete 
| 661|0x00000006e8400000, 0x00000006e8800000, 0x00000006e8800000|100%|HC|  |TAMS 0x00000006e8400000| PB 0x00000006e8400000| Complete 
| 662|0x00000006e8800000, 0x00000006e8c00000, 0x00000006e8c00000|100%|HC|  |TAMS 0x00000006e8800000| PB 0x00000006e8800000| Complete 
| 663|0x00000006e8c00000, 0x00000006e9000000, 0x00000006e9000000|100%|HC|  |TAMS 0x00000006e8c00000| PB 0x00000006e8c00000| Complete 
| 664|0x00000006e9000000, 0x00000006e9400000, 0x00000006e9400000|100%|HC|  |TAMS 0x00000006e9000000| PB 0x00000006e9000000| Complete 
| 665|0x00000006e9400000, 0x00000006e9800000, 0x00000006e9800000|100%|HC|  |TAMS 0x00000006e9400000| PB 0x00000006e9400000| Complete 
| 666|0x00000006e9800000, 0x00000006e9c00000, 0x00000006e9c00000|100%|HC|  |TAMS 0x00000006e9800000| PB 0x00000006e9800000| Complete 
| 667|0x00000006e9c00000, 0x00000006ea000000, 0x00000006ea000000|100%|HC|  |TAMS 0x00000006e9c00000| PB 0x00000006e9c00000| Complete 
| 668|0x00000006ea000000, 0x00000006ea400000, 0x00000006ea400000|100%|HC|  |TAMS 0x00000006ea000000| PB 0x00000006ea000000| Complete 
| 669|0x00000006ea400000, 0x00000006ea800000, 0x00000006ea800000|100%|HC|  |TAMS 0x00000006ea400000| PB 0x00000006ea400000| Complete 
| 670|0x00000006ea800000, 0x00000006eac00000, 0x00000006eac00000|100%|HC|  |TAMS 0x00000006ea800000| PB 0x00000006ea800000| Complete 
| 671|0x00000006eac00000, 0x00000006eb000000, 0x00000006eb000000|100%|HC|  |TAMS 0x00000006eac00000| PB 0x00000006eac00000| Complete 
| 672|0x00000006eb000000, 0x00000006eb400000, 0x00000006eb400000|100%|HC|  |TAMS 0x00000006eb000000| PB 0x00000006eb000000| Complete 
| 673|0x00000006eb400000, 0x00000006eb800000, 0x00000006eb800000|100%|HC|  |TAMS 0x00000006eb400000| PB 0x00000006eb400000| Complete 
| 674|0x00000006eb800000, 0x00000006ebc00000, 0x00000006ebc00000|100%|HC|  |TAMS 0x00000006eb800000| PB 0x00000006eb800000| Complete 
| 675|0x00000006ebc00000, 0x00000006ec000000, 0x00000006ec000000|100%|HC|  |TAMS 0x00000006ebc00000| PB 0x00000006ebc00000| Complete 
| 676|0x00000006ec000000, 0x00000006ec400000, 0x00000006ec400000|100%|HC|  |TAMS 0x00000006ec000000| PB 0x00000006ec000000| Complete 
| 677|0x00000006ec400000, 0x00000006ec800000, 0x00000006ec800000|100%|HC|  |TAMS 0x00000006ec400000| PB 0x00000006ec400000| Complete 
| 678|0x00000006ec800000, 0x00000006ecc00000, 0x00000006ecc00000|100%|HC|  |TAMS 0x00000006ec800000| PB 0x00000006ec800000| Complete 
| 679|0x00000006ecc00000, 0x00000006ed000000, 0x00000006ed000000|100%|HC|  |TAMS 0x00000006ecc00000| PB 0x00000006ecc00000| Complete 
| 680|0x00000006ed000000, 0x00000006ed400000, 0x00000006ed400000|100%|HC|  |TAMS 0x00000006ed000000| PB 0x00000006ed000000| Complete 
| 681|0x00000006ed400000, 0x00000006ed800000, 0x00000006ed800000|100%|HC|  |TAMS 0x00000006ed400000| PB 0x00000006ed400000| Complete 
| 682|0x00000006ed800000, 0x00000006edc00000, 0x00000006edc00000|100%|HC|  |TAMS 0x00000006ed800000| PB 0x00000006ed800000| Complete 
| 683|0x00000006edc00000, 0x00000006ee000000, 0x00000006ee000000|100%|HC|  |TAMS 0x00000006edc00000| PB 0x00000006edc00000| Complete 
| 684|0x00000006ee000000, 0x00000006ee400000, 0x00000006ee400000|100%|HC|  |TAMS 0x00000006ee000000| PB 0x00000006ee000000| Complete 
| 685|0x00000006ee400000, 0x00000006ee800000, 0x00000006ee800000|100%|HC|  |TAMS 0x00000006ee400000| PB 0x00000006ee400000| Complete 
| 686|0x00000006ee800000, 0x00000006eec00000, 0x00000006eec00000|100%|HC|  |TAMS 0x00000006ee800000| PB 0x00000006ee800000| Complete 
| 687|0x00000006eec00000, 0x00000006ef000000, 0x00000006ef000000|100%|HC|  |TAMS 0x00000006eec00000| PB 0x00000006eec00000| Complete 
| 688|0x00000006ef000000, 0x00000006ef400000, 0x00000006ef400000|100%|HC|  |TAMS 0x00000006ef000000| PB 0x00000006ef000000| Complete 
| 689|0x00000006ef400000, 0x00000006ef800000, 0x00000006ef800000|100%|HC|  |TAMS 0x00000006ef400000| PB 0x00000006ef400000| Complete 
| 690|0x00000006ef800000, 0x00000006efc00000, 0x00000006efc00000|100%|HC|  |TAMS 0x00000006ef800000| PB 0x00000006ef800000| Complete 
| 691|0x00000006efc00000, 0x00000006f0000000, 0x00000006f0000000|100%|HC|  |TAMS 0x00000006efc00000| PB 0x00000006efc00000| Complete 
| 692|0x00000006f0000000, 0x00000006f0400000, 0x00000006f0400000|100%|HC|  |TAMS 0x00000006f0000000| PB 0x00000006f0000000| Complete 
| 693|0x00000006f0400000, 0x00000006f0800000, 0x00000006f0800000|100%|HC|  |TAMS 0x00000006f0400000| PB 0x00000006f0400000| Complete 
| 694|0x00000006f0800000, 0x00000006f0c00000, 0x00000006f0c00000|100%|HC|  |TAMS 0x00000006f0800000| PB 0x00000006f0800000| Complete 
| 695|0x00000006f0c00000, 0x00000006f1000000, 0x00000006f1000000|100%|HC|  |TAMS 0x00000006f0c00000| PB 0x00000006f0c00000| Complete 
| 696|0x00000006f1000000, 0x00000006f1400000, 0x00000006f1400000|100%|HC|  |TAMS 0x00000006f1000000| PB 0x00000006f1000000| Complete 
| 697|0x00000006f1400000, 0x00000006f1800000, 0x00000006f1800000|100%|HC|  |TAMS 0x00000006f1400000| PB 0x00000006f1400000| Complete 
| 698|0x00000006f1800000, 0x00000006f1c00000, 0x00000006f1c00000|100%|HC|  |TAMS 0x00000006f1800000| PB 0x00000006f1800000| Complete 
| 699|0x00000006f1c00000, 0x00000006f2000000, 0x00000006f2000000|100%|HC|  |TAMS 0x00000006f1c00000| PB 0x00000006f1c00000| Complete 
| 700|0x00000006f2000000, 0x00000006f2400000, 0x00000006f2400000|100%|HC|  |TAMS 0x00000006f2000000| PB 0x00000006f2000000| Complete 
| 701|0x00000006f2400000, 0x00000006f2800000, 0x00000006f2800000|100%|HC|  |TAMS 0x00000006f2400000| PB 0x00000006f2400000| Complete 
| 702|0x00000006f2800000, 0x00000006f2c00000, 0x00000006f2c00000|100%|HC|  |TAMS 0x00000006f2800000| PB 0x00000006f2800000| Complete 
| 703|0x00000006f2c00000, 0x00000006f3000000, 0x00000006f3000000|100%|HC|  |TAMS 0x00000006f2c00000| PB 0x00000006f2c00000| Complete 
| 704|0x00000006f3000000, 0x00000006f3400000, 0x00000006f3400000|100%|HC|  |TAMS 0x00000006f3000000| PB 0x00000006f3000000| Complete 
| 705|0x00000006f3400000, 0x00000006f3800000, 0x00000006f3800000|100%|HC|  |TAMS 0x00000006f3400000| PB 0x00000006f3400000| Complete 
| 706|0x00000006f3800000, 0x00000006f3c00000, 0x00000006f3c00000|100%|HC|  |TAMS 0x00000006f3800000| PB 0x00000006f3800000| Complete 
| 707|0x00000006f3c00000, 0x00000006f4000000, 0x00000006f4000000|100%|HC|  |TAMS 0x00000006f3c00000| PB 0x00000006f3c00000| Complete 
| 708|0x00000006f4000000, 0x00000006f4400000, 0x00000006f4400000|100%|HC|  |TAMS 0x00000006f4000000| PB 0x00000006f4000000| Complete 
| 709|0x00000006f4400000, 0x00000006f4800000, 0x00000006f4800000|100%|HC|  |TAMS 0x00000006f4400000| PB 0x00000006f4400000| Complete 
| 710|0x00000006f4800000, 0x00000006f4c00000, 0x00000006f4c00000|100%|HC|  |TAMS 0x00000006f4800000| PB 0x00000006f4800000| Complete 
| 711|0x00000006f4c00000, 0x00000006f5000000, 0x00000006f5000000|100%|HC|  |TAMS 0x00000006f4c00000| PB 0x00000006f4c00000| Complete 
| 712|0x00000006f5000000, 0x00000006f5400000, 0x00000006f5400000|100%|HC|  |TAMS 0x00000006f5000000| PB 0x00000006f5000000| Complete 
| 713|0x00000006f5400000, 0x00000006f5800000, 0x00000006f5800000|100%|HC|  |TAMS 0x00000006f5400000| PB 0x00000006f5400000| Complete 
| 714|0x00000006f5800000, 0x00000006f5c00000, 0x00000006f5c00000|100%|HS|  |TAMS 0x00000006f5800000| PB 0x00000006f5800000| Complete 
| 715|0x00000006f5c00000, 0x00000006f6000000, 0x00000006f6000000|100%|HC|  |TAMS 0x00000006f5c00000| PB 0x00000006f5c00000| Complete 
| 716|0x00000006f6000000, 0x00000006f6400000, 0x00000006f6400000|100%|HC|  |TAMS 0x00000006f6000000| PB 0x00000006f6000000| Complete 
| 717|0x00000006f6400000, 0x00000006f6800000, 0x00000006f6800000|100%|HC|  |TAMS 0x00000006f6400000| PB 0x00000006f6400000| Complete 
| 718|0x00000006f6800000, 0x00000006f6c00000, 0x00000006f6c00000|100%|HC|  |TAMS 0x00000006f6800000| PB 0x00000006f6800000| Complete 
| 719|0x00000006f6c00000, 0x00000006f7000000, 0x00000006f7000000|100%|HC|  |TAMS 0x00000006f6c00000| PB 0x00000006f6c00000| Complete 
| 720|0x00000006f7000000, 0x00000006f7400000, 0x00000006f7400000|100%|HC|  |TAMS 0x00000006f7000000| PB 0x00000006f7000000| Complete 
| 721|0x00000006f7400000, 0x00000006f7800000, 0x00000006f7800000|100%|HC|  |TAMS 0x00000006f7400000| PB 0x00000006f7400000| Complete 
| 722|0x00000006f7800000, 0x00000006f7c00000, 0x00000006f7c00000|100%|HC|  |TAMS 0x00000006f7800000| PB 0x00000006f7800000| Complete 
| 723|0x00000006f7c00000, 0x00000006f8000000, 0x00000006f8000000|100%|HC|  |TAMS 0x00000006f7c00000| PB 0x00000006f7c00000| Complete 
| 724|0x00000006f8000000, 0x00000006f8400000, 0x00000006f8400000|100%|HC|  |TAMS 0x00000006f8000000| PB 0x00000006f8000000| Complete 
| 725|0x00000006f8400000, 0x00000006f8800000, 0x00000006f8800000|100%|HC|  |TAMS 0x00000006f8400000| PB 0x00000006f8400000| Complete 
| 726|0x00000006f8800000, 0x00000006f8c00000, 0x00000006f8c00000|100%|HC|  |TAMS 0x00000006f8800000| PB 0x00000006f8800000| Complete 
| 727|0x00000006f8c00000, 0x00000006f9000000, 0x00000006f9000000|100%|HC|  |TAMS 0x00000006f8c00000| PB 0x00000006f8c00000| Complete 
| 728|0x00000006f9000000, 0x00000006f9400000, 0x00000006f9400000|100%|HC|  |TAMS 0x00000006f9000000| PB 0x00000006f9000000| Complete 
| 729|0x00000006f9400000, 0x00000006f9800000, 0x00000006f9800000|100%|HC|  |TAMS 0x00000006f9400000| PB 0x00000006f9400000| Complete 
| 730|0x00000006f9800000, 0x00000006f9c00000, 0x00000006f9c00000|100%|HC|  |TAMS 0x00000006f9800000| PB 0x00000006f9800000| Complete 
| 731|0x00000006f9c00000, 0x00000006fa000000, 0x00000006fa000000|100%|HC|  |TAMS 0x00000006f9c00000| PB 0x00000006f9c00000| Complete 
| 732|0x00000006fa000000, 0x00000006fa400000, 0x00000006fa400000|100%|HC|  |TAMS 0x00000006fa000000| PB 0x00000006fa000000| Complete 
| 733|0x00000006fa400000, 0x00000006fa800000, 0x00000006fa800000|100%|HC|  |TAMS 0x00000006fa400000| PB 0x00000006fa400000| Complete 
| 734|0x00000006fa800000, 0x00000006fac00000, 0x00000006fac00000|100%|HC|  |TAMS 0x00000006fa800000| PB 0x00000006fa800000| Complete 
| 735|0x00000006fac00000, 0x00000006fb000000, 0x00000006fb000000|100%|HC|  |TAMS 0x00000006fac00000| PB 0x00000006fac00000| Complete 
| 736|0x00000006fb000000, 0x00000006fb400000, 0x00000006fb400000|100%|HC|  |TAMS 0x00000006fb000000| PB 0x00000006fb000000| Complete 
| 737|0x00000006fb400000, 0x00000006fb800000, 0x00000006fb800000|100%|HC|  |TAMS 0x00000006fb400000| PB 0x00000006fb400000| Complete 
| 738|0x00000006fb800000, 0x00000006fbc00000, 0x00000006fbc00000|100%|HC|  |TAMS 0x00000006fb800000| PB 0x00000006fb800000| Complete 
| 739|0x00000006fbc00000, 0x00000006fc000000, 0x00000006fc000000|100%|HC|  |TAMS 0x00000006fbc00000| PB 0x00000006fbc00000| Complete 
| 740|0x00000006fc000000, 0x00000006fc400000, 0x00000006fc400000|100%|HC|  |TAMS 0x00000006fc000000| PB 0x00000006fc000000| Complete 
| 741|0x00000006fc400000, 0x00000006fc800000, 0x00000006fc800000|100%|HC|  |TAMS 0x00000006fc400000| PB 0x00000006fc400000| Complete 
| 742|0x00000006fc800000, 0x00000006fcc00000, 0x00000006fcc00000|100%|HC|  |TAMS 0x00000006fc800000| PB 0x00000006fc800000| Complete 
| 743|0x00000006fcc00000, 0x00000006fd000000, 0x00000006fd000000|100%|HC|  |TAMS 0x00000006fcc00000| PB 0x00000006fcc00000| Complete 
| 744|0x00000006fd000000, 0x00000006fd400000, 0x00000006fd400000|100%|HC|  |TAMS 0x00000006fd000000| PB 0x00000006fd000000| Complete 
| 745|0x00000006fd400000, 0x00000006fd800000, 0x00000006fd800000|100%|HC|  |TAMS 0x00000006fd400000| PB 0x00000006fd400000| Complete 
| 746|0x00000006fd800000, 0x00000006fdc00000, 0x00000006fdc00000|100%|HC|  |TAMS 0x00000006fd800000| PB 0x00000006fd800000| Complete 
| 747|0x00000006fdc00000, 0x00000006fe000000, 0x00000006fe000000|100%|HC|  |TAMS 0x00000006fdc00000| PB 0x00000006fdc00000| Complete 
| 748|0x00000006fe000000, 0x00000006fe400000, 0x00000006fe400000|100%|HC|  |TAMS 0x00000006fe000000| PB 0x00000006fe000000| Complete 
| 749|0x00000006fe400000, 0x00000006fe800000, 0x00000006fe800000|100%|HC|  |TAMS 0x00000006fe400000| PB 0x00000006fe400000| Complete 
| 750|0x00000006fe800000, 0x00000006fec00000, 0x00000006fec00000|100%|HC|  |TAMS 0x00000006fe800000| PB 0x00000006fe800000| Complete 
| 751|0x00000006fec00000, 0x00000006ff000000, 0x00000006ff000000|100%|HC|  |TAMS 0x00000006fec00000| PB 0x00000006fec00000| Complete 
| 752|0x00000006ff000000, 0x00000006ff400000, 0x00000006ff400000|100%|HC|  |TAMS 0x00000006ff000000| PB 0x00000006ff000000| Complete 
| 753|0x00000006ff400000, 0x00000006ff800000, 0x00000006ff800000|100%|HC|  |TAMS 0x00000006ff400000| PB 0x00000006ff400000| Complete 
| 754|0x00000006ff800000, 0x00000006ffc00000, 0x00000006ffc00000|100%|HC|  |TAMS 0x00000006ff800000| PB 0x00000006ff800000| Complete 
| 755|0x00000006ffc00000, 0x0000000700000000, 0x0000000700000000|100%|HC|  |TAMS 0x00000006ffc00000| PB 0x00000006ffc00000| Complete 
| 756|0x0000000700000000, 0x0000000700400000, 0x0000000700400000|100%|HC|  |TAMS 0x0000000700000000| PB 0x0000000700000000| Complete 
| 757|0x0000000700400000, 0x0000000700800000, 0x0000000700800000|100%|HC|  |TAMS 0x0000000700400000| PB 0x0000000700400000| Complete 
| 758|0x0000000700800000, 0x0000000700c00000, 0x0000000700c00000|100%|HC|  |TAMS 0x0000000700800000| PB 0x0000000700800000| Complete 
| 759|0x0000000700c00000, 0x0000000701000000, 0x0000000701000000|100%|HC|  |TAMS 0x0000000700c00000| PB 0x0000000700c00000| Complete 
| 760|0x0000000701000000, 0x0000000701400000, 0x0000000701400000|100%|HC|  |TAMS 0x0000000701000000| PB 0x0000000701000000| Complete 
| 761|0x0000000701400000, 0x0000000701800000, 0x0000000701800000|100%|HC|  |TAMS 0x0000000701400000| PB 0x0000000701400000| Complete 
| 762|0x0000000701800000, 0x0000000701c00000, 0x0000000701c00000|100%|HC|  |TAMS 0x0000000701800000| PB 0x0000000701800000| Complete 
| 763|0x0000000701c00000, 0x0000000702000000, 0x0000000702000000|100%|HC|  |TAMS 0x0000000701c00000| PB 0x0000000701c00000| Complete 
| 764|0x0000000702000000, 0x0000000702400000, 0x0000000702400000|100%|HC|  |TAMS 0x0000000702000000| PB 0x0000000702000000| Complete 
| 765|0x0000000702400000, 0x0000000702800000, 0x0000000702800000|100%|HC|  |TAMS 0x0000000702400000| PB 0x0000000702400000| Complete 
| 766|0x0000000702800000, 0x0000000702c00000, 0x0000000702c00000|100%|HC|  |TAMS 0x0000000702800000| PB 0x0000000702800000| Complete 
| 767|0x0000000702c00000, 0x0000000703000000, 0x0000000703000000|100%|HC|  |TAMS 0x0000000702c00000| PB 0x0000000702c00000| Complete 
| 768|0x0000000703000000, 0x0000000703400000, 0x0000000703400000|100%|HC|  |TAMS 0x0000000703000000| PB 0x0000000703000000| Complete 
| 769|0x0000000703400000, 0x0000000703800000, 0x0000000703800000|100%|HC|  |TAMS 0x0000000703400000| PB 0x0000000703400000| Complete 
| 770|0x0000000703800000, 0x0000000703c00000, 0x0000000703c00000|100%|HC|  |TAMS 0x0000000703800000| PB 0x0000000703800000| Complete 
| 771|0x0000000703c00000, 0x0000000704000000, 0x0000000704000000|100%|HC|  |TAMS 0x0000000703c00000| PB 0x0000000703c00000| Complete 
| 772|0x0000000704000000, 0x0000000704400000, 0x0000000704400000|100%|HC|  |TAMS 0x0000000704000000| PB 0x0000000704000000| Complete 
| 773|0x0000000704400000, 0x0000000704800000, 0x0000000704800000|100%|HC|  |TAMS 0x0000000704400000| PB 0x0000000704400000| Complete 
| 774|0x0000000704800000, 0x0000000704c00000, 0x0000000704c00000|100%|HC|  |TAMS 0x0000000704800000| PB 0x0000000704800000| Complete 
| 775|0x0000000704c00000, 0x0000000705000000, 0x0000000705000000|100%|HC|  |TAMS 0x0000000704c00000| PB 0x0000000704c00000| Complete 
| 776|0x0000000705000000, 0x0000000705400000, 0x0000000705400000|100%|HC|  |TAMS 0x0000000705000000| PB 0x0000000705000000| Complete 
| 777|0x0000000705400000, 0x0000000705800000, 0x0000000705800000|100%|HC|  |TAMS 0x0000000705400000| PB 0x0000000705400000| Complete 
| 778|0x0000000705800000, 0x0000000705c00000, 0x0000000705c00000|100%|HC|  |TAMS 0x0000000705800000| PB 0x0000000705800000| Complete 
| 779|0x0000000705c00000, 0x0000000706000000, 0x0000000706000000|100%|HC|  |TAMS 0x0000000705c00000| PB 0x0000000705c00000| Complete 
| 780|0x0000000706000000, 0x0000000706400000, 0x0000000706400000|100%|HC|  |TAMS 0x0000000706000000| PB 0x0000000706000000| Complete 
| 781|0x0000000706400000, 0x0000000706800000, 0x0000000706800000|100%|HC|  |TAMS 0x0000000706400000| PB 0x0000000706400000| Complete 
| 782|0x0000000706800000, 0x0000000706c00000, 0x0000000706c00000|100%|HC|  |TAMS 0x0000000706800000| PB 0x0000000706800000| Complete 
| 783|0x0000000706c00000, 0x0000000707000000, 0x0000000707000000|100%|HC|  |TAMS 0x0000000706c00000| PB 0x0000000706c00000| Complete 
| 784|0x0000000707000000, 0x0000000707400000, 0x0000000707400000|100%|HC|  |TAMS 0x0000000707000000| PB 0x0000000707000000| Complete 
| 785|0x0000000707400000, 0x0000000707800000, 0x0000000707800000|100%|HC|  |TAMS 0x0000000707400000| PB 0x0000000707400000| Complete 
| 786|0x0000000707800000, 0x0000000707c00000, 0x0000000707c00000|100%|HC|  |TAMS 0x0000000707800000| PB 0x0000000707800000| Complete 
| 787|0x0000000707c00000, 0x0000000708000000, 0x0000000708000000|100%|HC|  |TAMS 0x0000000707c00000| PB 0x0000000707c00000| Complete 
| 788|0x0000000708000000, 0x0000000708400000, 0x0000000708400000|100%|HC|  |TAMS 0x0000000708000000| PB 0x0000000708000000| Complete 
| 789|0x0000000708400000, 0x0000000708800000, 0x0000000708800000|100%|HC|  |TAMS 0x0000000708400000| PB 0x0000000708400000| Complete 
| 790|0x0000000708800000, 0x0000000708c00000, 0x0000000708c00000|100%|HC|  |TAMS 0x0000000708800000| PB 0x0000000708800000| Complete 
| 791|0x0000000708c00000, 0x0000000709000000, 0x0000000709000000|100%|HC|  |TAMS 0x0000000708c00000| PB 0x0000000708c00000| Complete 
| 792|0x0000000709000000, 0x0000000709400000, 0x0000000709400000|100%|HC|  |TAMS 0x0000000709000000| PB 0x0000000709000000| Complete 
| 793|0x0000000709400000, 0x0000000709800000, 0x0000000709800000|100%|HC|  |TAMS 0x0000000709400000| PB 0x0000000709400000| Complete 
| 794|0x0000000709800000, 0x0000000709c00000, 0x0000000709c00000|100%|HC|  |TAMS 0x0000000709800000| PB 0x0000000709800000| Complete 
| 795|0x0000000709c00000, 0x000000070a000000, 0x000000070a000000|100%|HC|  |TAMS 0x0000000709c00000| PB 0x0000000709c00000| Complete 
| 796|0x000000070a000000, 0x000000070a400000, 0x000000070a400000|100%|HC|  |TAMS 0x000000070a000000| PB 0x000000070a000000| Complete 
| 797|0x000000070a400000, 0x000000070a800000, 0x000000070a800000|100%|HC|  |TAMS 0x000000070a400000| PB 0x000000070a400000| Complete 
| 798|0x000000070a800000, 0x000000070ac00000, 0x000000070ac00000|100%|HC|  |TAMS 0x000000070a800000| PB 0x000000070a800000| Complete 
| 799|0x000000070ac00000, 0x000000070b000000, 0x000000070b000000|100%|HS|  |TAMS 0x000000070ac00000| PB 0x000000070ac00000| Complete 
| 800|0x000000070b000000, 0x000000070b400000, 0x000000070b400000|100%|HC|  |TAMS 0x000000070b000000| PB 0x000000070b000000| Complete 
| 801|0x000000070b400000, 0x000000070b800000, 0x000000070b800000|100%|HC|  |TAMS 0x000000070b400000| PB 0x000000070b400000| Complete 
| 802|0x000000070b800000, 0x000000070bc00000, 0x000000070bc00000|100%|HC|  |TAMS 0x000000070b800000| PB 0x000000070b800000| Complete 
| 803|0x000000070bc00000, 0x000000070c000000, 0x000000070c000000|100%|HC|  |TAMS 0x000000070bc00000| PB 0x000000070bc00000| Complete 
| 804|0x000000070c000000, 0x000000070c400000, 0x000000070c400000|100%|HC|  |TAMS 0x000000070c000000| PB 0x000000070c000000| Complete 
| 805|0x000000070c400000, 0x000000070c800000, 0x000000070c800000|100%|HC|  |TAMS 0x000000070c400000| PB 0x000000070c400000| Complete 
| 806|0x000000070c800000, 0x000000070cc00000, 0x000000070cc00000|100%|HC|  |TAMS 0x000000070c800000| PB 0x000000070c800000| Complete 
| 807|0x000000070cc00000, 0x000000070d000000, 0x000000070d000000|100%|HC|  |TAMS 0x000000070cc00000| PB 0x000000070cc00000| Complete 
| 808|0x000000070d000000, 0x000000070d400000, 0x000000070d400000|100%|HC|  |TAMS 0x000000070d000000| PB 0x000000070d000000| Complete 
| 809|0x000000070d400000, 0x000000070d800000, 0x000000070d800000|100%|HC|  |TAMS 0x000000070d400000| PB 0x000000070d400000| Complete 
| 810|0x000000070d800000, 0x000000070dc00000, 0x000000070dc00000|100%|HC|  |TAMS 0x000000070d800000| PB 0x000000070d800000| Complete 
| 811|0x000000070dc00000, 0x000000070e000000, 0x000000070e000000|100%|HC|  |TAMS 0x000000070dc00000| PB 0x000000070dc00000| Complete 
| 812|0x000000070e000000, 0x000000070e400000, 0x000000070e400000|100%|HC|  |TAMS 0x000000070e000000| PB 0x000000070e000000| Complete 
| 813|0x000000070e400000, 0x000000070e800000, 0x000000070e800000|100%|HC|  |TAMS 0x000000070e400000| PB 0x000000070e400000| Complete 
| 814|0x000000070e800000, 0x000000070ec00000, 0x000000070ec00000|100%|HC|  |TAMS 0x000000070e800000| PB 0x000000070e800000| Complete 
| 815|0x000000070ec00000, 0x000000070f000000, 0x000000070f000000|100%|HC|  |TAMS 0x000000070ec00000| PB 0x000000070ec00000| Complete 
| 816|0x000000070f000000, 0x000000070f400000, 0x000000070f400000|100%|HC|  |TAMS 0x000000070f000000| PB 0x000000070f000000| Complete 
| 817|0x000000070f400000, 0x000000070f800000, 0x000000070f800000|100%|HC|  |TAMS 0x000000070f400000| PB 0x000000070f400000| Complete 
| 818|0x000000070f800000, 0x000000070fc00000, 0x000000070fc00000|100%|HC|  |TAMS 0x000000070f800000| PB 0x000000070f800000| Complete 
| 819|0x000000070fc00000, 0x0000000710000000, 0x0000000710000000|100%|HC|  |TAMS 0x000000070fc00000| PB 0x000000070fc00000| Complete 
| 820|0x0000000710000000, 0x0000000710400000, 0x0000000710400000|100%|HC|  |TAMS 0x0000000710000000| PB 0x0000000710000000| Complete 
| 821|0x0000000710400000, 0x0000000710800000, 0x0000000710800000|100%|HC|  |TAMS 0x0000000710400000| PB 0x0000000710400000| Complete 
| 822|0x0000000710800000, 0x0000000710c00000, 0x0000000710c00000|100%|HC|  |TAMS 0x0000000710800000| PB 0x0000000710800000| Complete 
| 823|0x0000000710c00000, 0x0000000711000000, 0x0000000711000000|100%|HC|  |TAMS 0x0000000710c00000| PB 0x0000000710c00000| Complete 
| 824|0x0000000711000000, 0x0000000711400000, 0x0000000711400000|100%|HC|  |TAMS 0x0000000711000000| PB 0x0000000711000000| Complete 
| 825|0x0000000711400000, 0x0000000711800000, 0x0000000711800000|100%|HC|  |TAMS 0x0000000711400000| PB 0x0000000711400000| Complete 
| 826|0x0000000711800000, 0x0000000711c00000, 0x0000000711c00000|100%|HC|  |TAMS 0x0000000711800000| PB 0x0000000711800000| Complete 
| 827|0x0000000711c00000, 0x0000000712000000, 0x0000000712000000|100%|HC|  |TAMS 0x0000000711c00000| PB 0x0000000711c00000| Complete 
| 828|0x0000000712000000, 0x0000000712400000, 0x0000000712400000|100%|HC|  |TAMS 0x0000000712000000| PB 0x0000000712000000| Complete 
| 829|0x0000000712400000, 0x0000000712800000, 0x0000000712800000|100%|HC|  |TAMS 0x0000000712400000| PB 0x0000000712400000| Complete 
| 830|0x0000000712800000, 0x0000000712c00000, 0x0000000712c00000|100%|HC|  |TAMS 0x0000000712800000| PB 0x0000000712800000| Complete 
| 831|0x0000000712c00000, 0x0000000713000000, 0x0000000713000000|100%|HC|  |TAMS 0x0000000712c00000| PB 0x0000000712c00000| Complete 
| 832|0x0000000713000000, 0x0000000713400000, 0x0000000713400000|100%|HC|  |TAMS 0x0000000713000000| PB 0x0000000713000000| Complete 
| 833|0x0000000713400000, 0x0000000713800000, 0x0000000713800000|100%|HC|  |TAMS 0x0000000713400000| PB 0x0000000713400000| Complete 
| 834|0x0000000713800000, 0x0000000713c00000, 0x0000000713c00000|100%|HC|  |TAMS 0x0000000713800000| PB 0x0000000713800000| Complete 
| 835|0x0000000713c00000, 0x0000000714000000, 0x0000000714000000|100%|HC|  |TAMS 0x0000000713c00000| PB 0x0000000713c00000| Complete 
| 836|0x0000000714000000, 0x0000000714400000, 0x0000000714400000|100%|HC|  |TAMS 0x0000000714000000| PB 0x0000000714000000| Complete 
| 837|0x0000000714400000, 0x0000000714800000, 0x0000000714800000|100%|HC|  |TAMS 0x0000000714400000| PB 0x0000000714400000| Complete 
| 838|0x0000000714800000, 0x0000000714c00000, 0x0000000714c00000|100%|HC|  |TAMS 0x0000000714800000| PB 0x0000000714800000| Complete 
| 839|0x0000000714c00000, 0x0000000715000000, 0x0000000715000000|100%|HC|  |TAMS 0x0000000714c00000| PB 0x0000000714c00000| Complete 
| 840|0x0000000715000000, 0x0000000715400000, 0x0000000715400000|100%|HC|  |TAMS 0x0000000715000000| PB 0x0000000715000000| Complete 
| 841|0x0000000715400000, 0x0000000715800000, 0x0000000715800000|100%|HC|  |TAMS 0x0000000715400000| PB 0x0000000715400000| Complete 
| 842|0x0000000715800000, 0x0000000715c00000, 0x0000000715c00000|100%|HC|  |TAMS 0x0000000715800000| PB 0x0000000715800000| Complete 
| 843|0x0000000715c00000, 0x0000000716000000, 0x0000000716000000|100%|HC|  |TAMS 0x0000000715c00000| PB 0x0000000715c00000| Complete 
| 844|0x0000000716000000, 0x0000000716400000, 0x0000000716400000|100%|HC|  |TAMS 0x0000000716000000| PB 0x0000000716000000| Complete 
| 845|0x0000000716400000, 0x0000000716800000, 0x0000000716800000|100%|HC|  |TAMS 0x0000000716400000| PB 0x0000000716400000| Complete 
| 846|0x0000000716800000, 0x0000000716c00000, 0x0000000716c00000|100%|HC|  |TAMS 0x0000000716800000| PB 0x0000000716800000| Complete 
| 847|0x0000000716c00000, 0x0000000717000000, 0x0000000717000000|100%|HC|  |TAMS 0x0000000716c00000| PB 0x0000000716c00000| Complete 
| 848|0x0000000717000000, 0x0000000717400000, 0x0000000717400000|100%|HC|  |TAMS 0x0000000717000000| PB 0x0000000717000000| Complete 
| 849|0x0000000717400000, 0x0000000717800000, 0x0000000717800000|100%|HC|  |TAMS 0x0000000717400000| PB 0x0000000717400000| Complete 
| 850|0x0000000717800000, 0x0000000717c00000, 0x0000000717c00000|100%|HC|  |TAMS 0x0000000717800000| PB 0x0000000717800000| Complete 
| 851|0x0000000717c00000, 0x0000000718000000, 0x0000000718000000|100%|HC|  |TAMS 0x0000000717c00000| PB 0x0000000717c00000| Complete 
| 852|0x0000000718000000, 0x0000000718400000, 0x0000000718400000|100%|HC|  |TAMS 0x0000000718000000| PB 0x0000000718000000| Complete 
| 853|0x0000000718400000, 0x0000000718800000, 0x0000000718800000|100%|HC|  |TAMS 0x0000000718400000| PB 0x0000000718400000| Complete 
| 854|0x0000000718800000, 0x0000000718c00000, 0x0000000718c00000|100%|HC|  |TAMS 0x0000000718800000| PB 0x0000000718800000| Complete 
| 855|0x0000000718c00000, 0x0000000719000000, 0x0000000719000000|100%|HC|  |TAMS 0x0000000718c00000| PB 0x0000000718c00000| Complete 
| 856|0x0000000719000000, 0x0000000719400000, 0x0000000719400000|100%|HC|  |TAMS 0x0000000719000000| PB 0x0000000719000000| Complete 
| 857|0x0000000719400000, 0x0000000719800000, 0x0000000719800000|100%|HC|  |TAMS 0x0000000719400000| PB 0x0000000719400000| Complete 
| 858|0x0000000719800000, 0x0000000719c00000, 0x0000000719c00000|100%|HC|  |TAMS 0x0000000719800000| PB 0x0000000719800000| Complete 
| 859|0x0000000719c00000, 0x000000071a000000, 0x000000071a000000|100%|HC|  |TAMS 0x0000000719c00000| PB 0x0000000719c00000| Complete 
| 860|0x000000071a000000, 0x000000071a400000, 0x000000071a400000|100%|HC|  |TAMS 0x000000071a000000| PB 0x000000071a000000| Complete 
| 861|0x000000071a400000, 0x000000071a800000, 0x000000071a800000|100%|HC|  |TAMS 0x000000071a400000| PB 0x000000071a400000| Complete 
| 862|0x000000071a800000, 0x000000071ac00000, 0x000000071ac00000|100%|HC|  |TAMS 0x000000071a800000| PB 0x000000071a800000| Complete 
| 863|0x000000071ac00000, 0x000000071b000000, 0x000000071b000000|100%|HC|  |TAMS 0x000000071ac00000| PB 0x000000071ac00000| Complete 
| 864|0x000000071b000000, 0x000000071b400000, 0x000000071b400000|100%|HC|  |TAMS 0x000000071b000000| PB 0x000000071b000000| Complete 
| 865|0x000000071b400000, 0x000000071b800000, 0x000000071b800000|100%|HC|  |TAMS 0x000000071b400000| PB 0x000000071b400000| Complete 
| 866|0x000000071b800000, 0x000000071bc00000, 0x000000071bc00000|100%|HC|  |TAMS 0x000000071b800000| PB 0x000000071b800000| Complete 
| 867|0x000000071bc00000, 0x000000071c000000, 0x000000071c000000|100%|HC|  |TAMS 0x000000071bc00000| PB 0x000000071bc00000| Complete 
| 868|0x000000071c000000, 0x000000071c400000, 0x000000071c400000|100%|HC|  |TAMS 0x000000071c000000| PB 0x000000071c000000| Complete 
| 869|0x000000071c400000, 0x000000071c800000, 0x000000071c800000|100%|HC|  |TAMS 0x000000071c400000| PB 0x000000071c400000| Complete 
| 870|0x000000071c800000, 0x000000071cc00000, 0x000000071cc00000|100%|HC|  |TAMS 0x000000071c800000| PB 0x000000071c800000| Complete 
| 871|0x000000071cc00000, 0x000000071d000000, 0x000000071d000000|100%|HC|  |TAMS 0x000000071cc00000| PB 0x000000071cc00000| Complete 
| 872|0x000000071d000000, 0x000000071d400000, 0x000000071d400000|100%|HC|  |TAMS 0x000000071d000000| PB 0x000000071d000000| Complete 
| 873|0x000000071d400000, 0x000000071d800000, 0x000000071d800000|100%|HC|  |TAMS 0x000000071d400000| PB 0x000000071d400000| Complete 
| 874|0x000000071d800000, 0x000000071dc00000, 0x000000071dc00000|100%|HC|  |TAMS 0x000000071d800000| PB 0x000000071d800000| Complete 
| 875|0x000000071dc00000, 0x000000071e000000, 0x000000071e000000|100%|HC|  |TAMS 0x000000071dc00000| PB 0x000000071dc00000| Complete 
| 876|0x000000071e000000, 0x000000071e400000, 0x000000071e400000|100%|HC|  |TAMS 0x000000071e000000| PB 0x000000071e000000| Complete 
| 877|0x000000071e400000, 0x000000071e800000, 0x000000071e800000|100%|HC|  |TAMS 0x000000071e400000| PB 0x000000071e400000| Complete 
| 878|0x000000071e800000, 0x000000071ec00000, 0x000000071ec00000|100%|HC|  |TAMS 0x000000071e800000| PB 0x000000071e800000| Complete 
| 879|0x000000071ec00000, 0x000000071f000000, 0x000000071f000000|100%|HC|  |TAMS 0x000000071ec00000| PB 0x000000071ec00000| Complete 
| 880|0x000000071f000000, 0x000000071f400000, 0x000000071f400000|100%|HC|  |TAMS 0x000000071f000000| PB 0x000000071f000000| Complete 
| 881|0x000000071f400000, 0x000000071f800000, 0x000000071f800000|100%|HC|  |TAMS 0x000000071f400000| PB 0x000000071f400000| Complete 
| 882|0x000000071f800000, 0x000000071fc00000, 0x000000071fc00000|100%|HC|  |TAMS 0x000000071f800000| PB 0x000000071f800000| Complete 
| 883|0x000000071fc00000, 0x0000000720000000, 0x0000000720000000|100%|HC|  |TAMS 0x000000071fc00000| PB 0x000000071fc00000| Complete 
| 884|0x0000000720000000, 0x0000000720000000, 0x0000000720400000|  0%| F|  |TAMS 0x0000000720000000| PB 0x0000000720000000| Untracked 
| 885|0x0000000720400000, 0x0000000720400000, 0x0000000720800000|  0%| F|  |TAMS 0x0000000720400000| PB 0x0000000720400000| Untracked 
| 886|0x0000000720800000, 0x0000000720800000, 0x0000000720c00000|  0%| F|  |TAMS 0x0000000720800000| PB 0x0000000720800000| Untracked 
| 887|0x0000000720c00000, 0x0000000720c00000, 0x0000000721000000|  0%| F|  |TAMS 0x0000000720c00000| PB 0x0000000720c00000| Untracked 
| 888|0x0000000721000000, 0x0000000721000000, 0x0000000721400000|  0%| F|  |TAMS 0x0000000721000000| PB 0x0000000721000000| Untracked 
| 889|0x0000000721400000, 0x0000000721400000, 0x0000000721800000|  0%| F|  |TAMS 0x0000000721400000| PB 0x0000000721400000| Untracked 
| 890|0x0000000721800000, 0x0000000721800000, 0x0000000721c00000|  0%| F|  |TAMS 0x0000000721800000| PB 0x0000000721800000| Untracked 
| 891|0x0000000721c00000, 0x0000000721c00000, 0x0000000722000000|  0%| F|  |TAMS 0x0000000721c00000| PB 0x0000000721c00000| Untracked 
| 892|0x0000000722000000, 0x0000000722000000, 0x0000000722400000|  0%| F|  |TAMS 0x0000000722000000| PB 0x0000000722000000| Untracked 
| 893|0x0000000722400000, 0x0000000722400000, 0x0000000722800000|  0%| F|  |TAMS 0x0000000722400000| PB 0x0000000722400000| Untracked 
| 894|0x0000000722800000, 0x0000000722800000, 0x0000000722c00000|  0%| F|  |TAMS 0x0000000722800000| PB 0x0000000722800000| Untracked 
| 895|0x0000000722c00000, 0x0000000722c00000, 0x0000000723000000|  0%| F|  |TAMS 0x0000000722c00000| PB 0x0000000722c00000| Untracked 
| 896|0x0000000723000000, 0x0000000723000000, 0x0000000723400000|  0%| F|  |TAMS 0x0000000723000000| PB 0x0000000723000000| Untracked 
| 897|0x0000000723400000, 0x0000000723400000, 0x0000000723800000|  0%| F|  |TAMS 0x0000000723400000| PB 0x0000000723400000| Untracked 
| 898|0x0000000723800000, 0x0000000723800000, 0x0000000723c00000|  0%| F|  |TAMS 0x0000000723800000| PB 0x0000000723800000| Untracked 
| 899|0x0000000723c00000, 0x0000000723c00000, 0x0000000724000000|  0%| F|  |TAMS 0x0000000723c00000| PB 0x0000000723c00000| Untracked 
| 900|0x0000000724000000, 0x0000000724000000, 0x0000000724400000|  0%| F|  |TAMS 0x0000000724000000| PB 0x0000000724000000| Untracked 
| 901|0x0000000724400000, 0x0000000724400000, 0x0000000724800000|  0%| F|  |TAMS 0x0000000724400000| PB 0x0000000724400000| Untracked 
| 902|0x0000000724800000, 0x0000000724800000, 0x0000000724c00000|  0%| F|  |TAMS 0x0000000724800000| PB 0x0000000724800000| Untracked 
| 903|0x0000000724c00000, 0x0000000724c00000, 0x0000000725000000|  0%| F|  |TAMS 0x0000000724c00000| PB 0x0000000724c00000| Untracked 
| 904|0x0000000725000000, 0x0000000725000000, 0x0000000725400000|  0%| F|  |TAMS 0x0000000725000000| PB 0x0000000725000000| Untracked 
| 905|0x0000000725400000, 0x0000000725400000, 0x0000000725800000|  0%| F|  |TAMS 0x0000000725400000| PB 0x0000000725400000| Untracked 
| 906|0x0000000725800000, 0x0000000725800000, 0x0000000725c00000|  0%| F|  |TAMS 0x0000000725800000| PB 0x0000000725800000| Untracked 
| 907|0x0000000725c00000, 0x0000000725c00000, 0x0000000726000000|  0%| F|  |TAMS 0x0000000725c00000| PB 0x0000000725c00000| Untracked 
| 908|0x0000000726000000, 0x0000000726000000, 0x0000000726400000|  0%| F|  |TAMS 0x0000000726000000| PB 0x0000000726000000| Untracked 
| 909|0x0000000726400000, 0x0000000726400000, 0x0000000726800000|  0%| F|  |TAMS 0x0000000726400000| PB 0x0000000726400000| Untracked 
| 910|0x0000000726800000, 0x0000000726800000, 0x0000000726c00000|  0%| F|  |TAMS 0x0000000726800000| PB 0x0000000726800000| Untracked 
| 911|0x0000000726c00000, 0x0000000726c00000, 0x0000000727000000|  0%| F|  |TAMS 0x0000000726c00000| PB 0x0000000726c00000| Untracked 
| 912|0x0000000727000000, 0x0000000727000000, 0x0000000727400000|  0%| F|  |TAMS 0x0000000727000000| PB 0x0000000727000000| Untracked 
| 913|0x0000000727400000, 0x0000000727400000, 0x0000000727800000|  0%| F|  |TAMS 0x0000000727400000| PB 0x0000000727400000| Untracked 
| 914|0x0000000727800000, 0x0000000727800000, 0x0000000727c00000|  0%| F|  |TAMS 0x0000000727800000| PB 0x0000000727800000| Untracked 
| 915|0x0000000727c00000, 0x0000000727c00000, 0x0000000728000000|  0%| F|  |TAMS 0x0000000727c00000| PB 0x0000000727c00000| Untracked 
| 916|0x0000000728000000, 0x0000000728000000, 0x0000000728400000|  0%| F|  |TAMS 0x0000000728000000| PB 0x0000000728000000| Untracked 
| 917|0x0000000728400000, 0x0000000728400000, 0x0000000728800000|  0%| F|  |TAMS 0x0000000728400000| PB 0x0000000728400000| Untracked 
| 918|0x0000000728800000, 0x0000000728800000, 0x0000000728c00000|  0%| F|  |TAMS 0x0000000728800000| PB 0x0000000728800000| Untracked 
| 919|0x0000000728c00000, 0x0000000728c00000, 0x0000000729000000|  0%| F|  |TAMS 0x0000000728c00000| PB 0x0000000728c00000| Untracked 
| 920|0x0000000729000000, 0x0000000729000000, 0x0000000729400000|  0%| F|  |TAMS 0x0000000729000000| PB 0x0000000729000000| Untracked 
| 921|0x0000000729400000, 0x0000000729400000, 0x0000000729800000|  0%| F|  |TAMS 0x0000000729400000| PB 0x0000000729400000| Untracked 
| 922|0x0000000729800000, 0x0000000729800000, 0x0000000729c00000|  0%| F|  |TAMS 0x0000000729800000| PB 0x0000000729800000| Untracked 
| 923|0x0000000729c00000, 0x0000000729c00000, 0x000000072a000000|  0%| F|  |TAMS 0x0000000729c00000| PB 0x0000000729c00000| Untracked 
| 924|0x000000072a000000, 0x000000072a000000, 0x000000072a400000|  0%| F|  |TAMS 0x000000072a000000| PB 0x000000072a000000| Untracked 
|1777|0x00000007ff400000, 0x00000007ff800000, 0x00000007ff800000|100%| E|CS|TAMS 0x00000007ff400000| PB 0x00000007ff400000| Complete 
|1778|0x00000007ff800000, 0x00000007ffc00000, 0x00000007ffc00000|100%| O|  |TAMS 0x00000007ff800000| PB 0x00000007ff800000| Untracked 
|1779|0x00000007ffc00000, 0x0000000800000000, 0x0000000800000000|100%| O|  |TAMS 0x00000007ffc00000| PB 0x00000007ffc00000| Untracked 

Card table byte_map: [0x000001f62d820000,0x000001f62e610000] _byte_map_base: 0x000001f62a608000

Marking Bits: (CMBitMap*) 0x000001f620d33530
 Bits: [0x000001f62e610000, 0x000001f635550000)

Polling page: 0x000001f61eac0000

Metaspace:

Usage:
  Non-class:    109.27 MB used.
      Class:     18.11 MB used.
       Both:    127.38 MB used.

Virtual space:
  Non-class space:      128.00 MB reserved,     110.00 MB ( 86%) committed,  2 nodes.
      Class space:        1.00 GB reserved,      18.62 MB (  2%) committed,  1 nodes.
             Both:        1.12 GB reserved,     128.62 MB ( 11%) committed. 

Chunk freelists:
   Non-Class:  1.26 MB
       Class:  13.40 MB
        Both:  14.66 MB

MaxMetaspaceSize: unlimited
CompressedClassSpaceSize: 1.00 GB
Initial GC threshold: 21.00 MB
Current GC threshold: 214.31 MB
CDS: on
 - commit_granule_bytes: 65536.
 - commit_granule_words: 8192.
 - virtual_space_node_default_size: 8388608.
 - enlarge_chunks_in_place: 1.
 - use_allocation_guard: 0.


Internal statistics:

num_allocs_failed_limit: 17.
num_arena_births: 1972.
num_arena_deaths: 66.
num_vsnodes_births: 3.
num_vsnodes_deaths: 0.
num_space_committed: 2058.
num_space_uncommitted: 0.
num_chunks_returned_to_freelist: 116.
num_chunks_taken_from_freelist: 6711.
num_chunk_merges: 43.
num_chunk_splits: 4945.
num_chunks_enlarged: 3872.
num_inconsistent_stats: 0.

CodeCache: size=49152Kb used=14360Kb max_used=19678Kb free=34791Kb
 bounds [0x000001f6293d0000, 0x000001f62a710000, 0x000001f62c3d0000]
 total_blobs=8024, nmethods=7141, adapters=805, full_count=0
Compilation: enabled, stopped_count=0, restarted_count=0

Compilation events (20 events):
Event: 36.115 Thread 0x000001f63860bfb0 12792       1       org.apache.kafka.common.utils.SystemTime::nanoseconds (4 bytes)
Event: 36.115 Thread 0x000001f63860bfb0 nmethod 12792 0x000001f629944c10 code [0x000001f629944da0, 0x000001f629944e78]
Event: 36.227 Thread 0x000001f63860bfb0 12795   !   1       org.apache.kafka.common.metrics.Sensor::recordInternal (153 bytes)
Event: 36.228 Thread 0x000001f63860bfb0 nmethod 12795 0x000001f629943d90 code [0x000001f629943fc0, 0x000001f629944668]
Event: 36.228 Thread 0x000001f63860bfb0 12793       1       org.apache.kafka.common.metrics.Sensor::shouldRecord (18 bytes)
Event: 36.228 Thread 0x000001f63860bfb0 nmethod 12793 0x000001f629943990 code [0x000001f629943b40, 0x000001f629943c50]
Event: 36.228 Thread 0x000001f63860bfb0 12794       1       org.apache.kafka.common.metrics.Sensor$RecordingLevel::shouldRecord (110 bytes)
Event: 36.229 Thread 0x000001f63860bfb0 nmethod 12794 0x000001f629769110 code [0x000001f629769320, 0x000001f629769700]
Event: 36.395 Thread 0x000001f63860bfb0 12796       1       java.lang.invoke.LambdaForm$MH/0x000001f63a3f9400::invoke (53 bytes)
Event: 36.395 Thread 0x000001f63860bfb0 nmethod 12796 0x000001f629768b10 code [0x000001f629768ce0, 0x000001f629768f30]
Event: 36.395 Thread 0x000001f63860bfb0 12797       1       java.lang.invoke.LambdaForm$DMH/0x000001f63a3f8800::invokeVirtual (14 bytes)
Event: 36.395 Thread 0x000001f63860bfb0 nmethod 12797 0x000001f629768710 code [0x000001f6297688c0, 0x000001f6297689e8]
Event: 36.395 Thread 0x000001f63860bfb0 12798       1       sun.invoke.util.ValueConversions::boxLong (5 bytes)
Event: 36.395 Thread 0x000001f63860bfb0 nmethod 12798 0x000001f629943610 code [0x000001f6299437c0, 0x000001f629943880]
Event: 36.485 Thread 0x000001f63860bfb0 12799       1       sun.rmi.server.UnicastRef::marshalValue (216 bytes)
Event: 36.486 Thread 0x000001f63860bfb0 nmethod 12799 0x000001f629767310 code [0x000001f629767620, 0x000001f629768010]
Event: 37.176 Thread 0x000001f63860bfb0 12800       1       java.net.StandardSocketOptions$StdSocketOption::type (5 bytes)
Event: 37.176 Thread 0x000001f63860bfb0 nmethod 12800 0x000001f629767010 code [0x000001f6297671a0, 0x000001f629767270]
Event: 37.994 Thread 0x000001f63860bfb0 12801       1       java.lang.ThreadGroup::getMaxPriority (5 bytes)
Event: 37.994 Thread 0x000001f63860bfb0 nmethod 12801 0x000001f629766d10 code [0x000001f629766ea0, 0x000001f629766f68]

GC Heap History (20 events):
Event: 18.133 GC heap before
{Heap before GC invocations=33 (full 0):
 garbage-first heap   total 253952K, used 168209K [0x0000000643000000, 0x0000000800000000)
  region size 4096K, 6 young (24576K), 1 survivors (4096K)
 Metaspace       used 99213K, committed 100160K, reserved 1179648K
  class space    used 14562K, committed 14976K, reserved 1048576K
}
Event: 18.135 GC heap after
{Heap after GC invocations=34 (full 0):
 garbage-first heap   total 253952K, used 149379K [0x0000000643000000, 0x0000000800000000)
  region size 4096K, 1 young (4096K), 1 survivors (4096K)
 Metaspace       used 99213K, committed 100160K, reserved 1179648K
  class space    used 14562K, committed 14976K, reserved 1048576K
}
Event: 18.321 GC heap before
{Heap before GC invocations=34 (full 0):
 garbage-first heap   total 253952K, used 214915K [0x0000000643000000, 0x0000000800000000)
  region size 4096K, 17 young (69632K), 1 survivors (4096K)
 Metaspace       used 101009K, committed 101952K, reserved 1179648K
  class space    used 14941K, committed 15360K, reserved 1048576K
}
Event: 18.325 GC heap after
{Heap after GC invocations=35 (full 0):
 garbage-first heap   total 507904K, used 148906K [0x0000000643000000, 0x0000000800000000)
  region size 4096K, 1 young (4096K), 1 survivors (4096K)
 Metaspace       used 101009K, committed 101952K, reserved 1179648K
  class space    used 14941K, committed 15360K, reserved 1048576K
}
Event: 18.820 GC heap before
{Heap before GC invocations=35 (full 0):
 garbage-first heap   total 507904K, used 402858K [0x0000000643000000, 0x0000000800000000)
  region size 4096K, 63 young (258048K), 1 survivors (4096K)
 Metaspace       used 101022K, committed 101952K, reserved 1179648K
  class space    used 14941K, committed 15360K, reserved 1048576K
}
Event: 18.842 GC heap after
{Heap after GC invocations=36 (full 0):
 garbage-first heap   total 507904K, used 226949K [0x0000000643000000, 0x0000000800000000)
  region size 4096K, 8 young (32768K), 8 survivors (32768K)
 Metaspace       used 101022K, committed 101952K, reserved 1179648K
  class space    used 14941K, committed 15360K, reserved 1048576K
}
Event: 19.240 GC heap before
{Heap before GC invocations=36 (full 0):
 garbage-first heap   total 507904K, used 382597K [0x0000000643000000, 0x0000000800000000)
  region size 4096K, 46 young (188416K), 8 survivors (32768K)
 Metaspace       used 102552K, committed 103424K, reserved 1179648K
  class space    used 15158K, committed 15552K, reserved 1048576K
}
Event: 19.251 GC heap after
{Heap after GC invocations=37 (full 0):
 garbage-first heap   total 507904K, used 244067K [0x0000000643000000, 0x0000000800000000)
  region size 4096K, 4 young (16384K), 4 survivors (16384K)
 Metaspace       used 102552K, committed 103424K, reserved 1179648K
  class space    used 15158K, committed 15552K, reserved 1048576K
}
Event: 19.751 GC heap before
{Heap before GC invocations=37 (full 0):
 garbage-first heap   total 507904K, used 403811K [0x0000000643000000, 0x0000000800000000)
  region size 4096K, 43 young (176128K), 4 survivors (16384K)
 Metaspace       used 103771K, committed 104640K, reserved 1179648K
  class space    used 15310K, committed 15680K, reserved 1048576K
}
Event: 19.755 GC heap after
{Heap after GC invocations=38 (full 0):
 garbage-first heap   total 507904K, used 234852K [0x0000000643000000, 0x0000000800000000)
  region size 4096K, 2 young (8192K), 2 survivors (8192K)
 Metaspace       used 103771K, committed 104640K, reserved 1179648K
  class space    used 15310K, committed 15680K, reserved 1048576K
}
Event: 21.003 GC heap before
{Heap before GC invocations=39 (full 0):
 garbage-first heap   total 507904K, used 382308K [0x0000000643000000, 0x0000000800000000)
  region size 4096K, 46 young (188416K), 2 survivors (8192K)
 Metaspace       used 105401K, committed 106368K, reserved 1179648K
  class space    used 15489K, committed 15936K, reserved 1048576K
}
Event: 21.006 GC heap after
{Heap after GC invocations=40 (full 0):
 garbage-first heap   total 507904K, used 206778K [0x0000000643000000, 0x0000000800000000)
  region size 4096K, 3 young (12288K), 3 survivors (12288K)
 Metaspace       used 105401K, committed 106368K, reserved 1179648K
  class space    used 15489K, committed 15936K, reserved 1048576K
}
Event: 22.571 GC heap before
{Heap before GC invocations=40 (full 0):
 garbage-first heap   total 507904K, used 419770K [0x0000000643000000, 0x0000000800000000)
  region size 4096K, 55 young (225280K), 3 survivors (12288K)
 Metaspace       used 109989K, committed 111040K, reserved 1179648K
  class space    used 16176K, committed 16640K, reserved 1048576K
}
Event: 22.577 GC heap after
{Heap after GC invocations=41 (full 0):
 garbage-first heap   total 507904K, used 162003K [0x0000000643000000, 0x0000000800000000)
  region size 4096K, 4 young (16384K), 4 survivors (16384K)
 Metaspace       used 109989K, committed 111040K, reserved 1179648K
  class space    used 16176K, committed 16640K, reserved 1048576K
}
Event: 24.942 GC heap before
{Heap before GC invocations=41 (full 0):
 garbage-first heap   total 507904K, used 420051K [0x0000000643000000, 0x0000000800000000)
  region size 4096K, 67 young (274432K), 4 survivors (16384K)
 Metaspace       used 117817K, committed 118976K, reserved 1179648K
  class space    used 17144K, committed 17664K, reserved 1048576K
}
Event: 24.951 GC heap after
{Heap after GC invocations=42 (full 0):
 garbage-first heap   total 507904K, used 159802K [0x0000000643000000, 0x0000000800000000)
  region size 4096K, 6 young (24576K), 6 survivors (24576K)
 Metaspace       used 117817K, committed 118976K, reserved 1179648K
  class space    used 17144K, committed 17664K, reserved 1048576K
}
Event: 28.630 GC heap before
{Heap before GC invocations=42 (full 0):
 garbage-first heap   total 507904K, used 430138K [0x0000000643000000, 0x0000000800000000)
  region size 4096K, 72 young (294912K), 6 survivors (24576K)
 Metaspace       used 128711K, committed 129984K, reserved 1179648K
  class space    used 18383K, committed 18944K, reserved 1048576K
}
Event: 28.639 GC heap after
{Heap after GC invocations=43 (full 0):
 garbage-first heap   total 507904K, used 162712K [0x0000000643000000, 0x0000000800000000)
  region size 4096K, 5 young (20480K), 5 survivors (20480K)
 Metaspace       used 128711K, committed 129984K, reserved 1179648K
  class space    used 18383K, committed 18944K, reserved 1048576K
}
Event: 28.863 GC heap before
{Heap before GC invocations=43 (full 0):
 garbage-first heap   total 507904K, used 170904K [0x0000000643000000, 0x0000000800000000)
  region size 4096K, 8 young (32768K), 5 survivors (20480K)
 Metaspace       used 130503K, committed 131648K, reserved 1179648K
  class space    used 18546K, committed 19072K, reserved 1048576K
}
Event: 28.869 GC heap after
{Heap after GC invocations=44 (full 0):
 garbage-first heap   total 507904K, used 163053K [0x0000000643000000, 0x0000000800000000)
  region size 4096K, 6 young (24576K), 6 survivors (24576K)
 Metaspace       used 130503K, committed 131648K, reserved 1179648K
  class space    used 18546K, committed 19072K, reserved 1048576K
}

Dll operation events (12 events):
Event: 0.010 Loaded shared library C:\Users\ADMIN\.jdks\temurin-21.0.11\bin\java.dll
Event: 0.346 Loaded shared library C:\Users\ADMIN\.jdks\temurin-21.0.11\bin\zip.dll
Event: 0.351 Loaded shared library C:\Users\ADMIN\.jdks\temurin-21.0.11\bin\instrument.dll
Event: 0.357 Loaded shared library C:\Users\ADMIN\.jdks\temurin-21.0.11\bin\net.dll
Event: 0.359 Loaded shared library C:\Users\ADMIN\.jdks\temurin-21.0.11\bin\nio.dll
Event: 0.362 Loaded shared library C:\Users\ADMIN\.jdks\temurin-21.0.11\bin\zip.dll
Event: 0.391 Loaded shared library C:\Users\ADMIN\.jdks\temurin-21.0.11\bin\jimage.dll
Event: 0.556 Loaded shared library C:\Users\ADMIN\.jdks\temurin-21.0.11\bin\extnet.dll
Event: 0.560 Loaded shared library C:\Users\ADMIN\.jdks\temurin-21.0.11\bin\management.dll
Event: 0.570 Loaded shared library C:\Users\ADMIN\.jdks\temurin-21.0.11\bin\management_ext.dll
Event: 5.311 Loaded shared library C:\Users\ADMIN\.jdks\temurin-21.0.11\bin\verify.dll
Event: 7.372 Loaded shared library C:\Users\ADMIN\.jdks\temurin-21.0.11\bin\sunmscapi.dll

Deoptimization events (8 events):
Event: 5.809 Thread 0x000001f67efdac40 DEOPT PACKING pc=0x000001f62a1f6aa8 sp=0x00000008dd2fb440
Event: 5.809 Thread 0x000001f67efdac40 DEOPT UNPACKING pc=0x000001f6294286e2 sp=0x00000008dd2fa9e8 mode 0
Event: 6.095 Thread 0x000001f67efdac40 DEOPT PACKING pc=0x000001f629ba97f9 sp=0x00000008dd2fa070
Event: 6.095 Thread 0x000001f67efdac40 DEOPT UNPACKING pc=0x000001f6294286e2 sp=0x00000008dd2f9578 mode 3
Event: 7.393 Thread 0x000001f67efdac40 DEOPT PACKING pc=0x000001f62990d274 sp=0x00000008dd2fa240
Event: 7.393 Thread 0x000001f67efdac40 DEOPT UNPACKING pc=0x000001f6294286e2 sp=0x00000008dd2f9708 mode 0
Event: 10.640 Thread 0x000001f67efdac40 DEOPT PACKING pc=0x000001f62a531fdc sp=0x00000008dd2fce20
Event: 10.640 Thread 0x000001f67efdac40 DEOPT UNPACKING pc=0x000001f6294286e2 sp=0x00000008dd2fc2b8 mode 0

Classes loaded (20 events):
Event: 28.646 Loading class sun/management/MemoryUsageCompositeData
Event: 28.646 Loading class sun/management/MemoryUsageCompositeData done
Event: 28.647 Loading class com/sun/management/internal/GarbageCollectionNotifInfoCompositeData$1
Event: 28.647 Loading class com/sun/management/internal/GarbageCollectionNotifInfoCompositeData$1 done
Event: 28.647 Loading class java/util/TreeMap$KeySpliterator
Event: 28.648 Loading class java/util/TreeMap$TreeMapSpliterator
Event: 28.648 Loading class java/util/TreeMap$TreeMapSpliterator done
Event: 28.648 Loading class java/util/TreeMap$KeySpliterator done
Event: 28.724 Loading class javax/security/sasl/SaslException
Event: 28.724 Loading class javax/security/sasl/SaslException done
Event: 28.772 Loading class sun/nio/ch/IOVecWrapper
Event: 28.773 Loading class sun/nio/ch/IOVecWrapper done
Event: 28.773 Loading class sun/nio/ch/AllocatedNativeObject
Event: 28.773 Loading class sun/nio/ch/NativeObject
Event: 28.773 Loading class sun/nio/ch/NativeObject done
Event: 28.773 Loading class sun/nio/ch/AllocatedNativeObject done
Event: 28.773 Loading class sun/nio/ch/IOVecWrapper$Deallocator
Event: 28.773 Loading class sun/nio/ch/IOVecWrapper$Deallocator done
Event: 28.983 Loading class java/util/ArrayDeque$DescendingIterator
Event: 28.983 Loading class java/util/ArrayDeque$DescendingIterator done

Classes unloaded (20 events):
Event: 28.967 Thread 0x000001f6385e1580 Unloading class 0x000001f63af8d800 'jdk/internal/reflect/GeneratedSerializationConstructorAccessor55'
Event: 28.967 Thread 0x000001f6385e1580 Unloading class 0x000001f63af8d400 'jdk/internal/reflect/GeneratedSerializationConstructorAccessor54'
Event: 28.967 Thread 0x000001f6385e1580 Unloading class 0x000001f63af8d000 'jdk/internal/reflect/GeneratedSerializationConstructorAccessor53'
Event: 28.967 Thread 0x000001f6385e1580 Unloading class 0x000001f63af8cc00 'jdk/internal/reflect/GeneratedSerializationConstructorAccessor52'
Event: 28.967 Thread 0x000001f6385e1580 Unloading class 0x000001f63af8c800 'jdk/internal/reflect/GeneratedSerializationConstructorAccessor51'
Event: 28.967 Thread 0x000001f6385e1580 Unloading class 0x000001f63af8c400 'jdk/internal/reflect/GeneratedSerializationConstructorAccessor50'
Event: 28.967 Thread 0x000001f6385e1580 Unloading class 0x000001f63af8a000 'jdk/internal/reflect/GeneratedSerializationConstructorAccessor49'
Event: 28.967 Thread 0x000001f6385e1580 Unloading class 0x000001f63af89c00 'jdk/internal/reflect/GeneratedSerializationConstructorAccessor48'
Event: 28.967 Thread 0x000001f6385e1580 Unloading class 0x000001f63af7ec00 'jdk/internal/reflect/GeneratedSerializationConstructorAccessor47'
Event: 28.967 Thread 0x000001f6385e1580 Unloading class 0x000001f63af7e800 'jdk/internal/reflect/GeneratedSerializationConstructorAccessor46'
Event: 28.967 Thread 0x000001f6385e1580 Unloading class 0x000001f63af7e400 'jdk/internal/reflect/GeneratedSerializationConstructorAccessor45'
Event: 28.967 Thread 0x000001f6385e1580 Unloading class 0x000001f63af7e000 'jdk/internal/reflect/GeneratedSerializationConstructorAccessor44'
Event: 28.967 Thread 0x000001f6385e1580 Unloading class 0x000001f63af7cc00 'jdk/internal/reflect/GeneratedSerializationConstructorAccessor43'
Event: 28.967 Thread 0x000001f6385e1580 Unloading class 0x000001f63af7c800 'jdk/internal/reflect/GeneratedSerializationConstructorAccessor42'
Event: 28.967 Thread 0x000001f6385e1580 Unloading class 0x000001f63af7c400 'jdk/internal/reflect/GeneratedSerializationConstructorAccessor41'
Event: 28.967 Thread 0x000001f6385e1580 Unloading class 0x000001f63af7c000 'jdk/internal/reflect/GeneratedSerializationConstructorAccessor40'
Event: 28.967 Thread 0x000001f6385e1580 Unloading class 0x000001f63af77c00 'jdk/internal/reflect/GeneratedSerializationConstructorAccessor39'
Event: 28.967 Thread 0x000001f6385e1580 Unloading class 0x000001f63af75c00 'jdk/internal/reflect/GeneratedSerializationConstructorAccessor38'
Event: 28.967 Thread 0x000001f6385e1580 Unloading class 0x000001f63af4dc00 'jdk/internal/reflect/GeneratedSerializationConstructorAccessor37'
Event: 28.967 Thread 0x000001f6385e1580 Unloading class 0x000001f63af4d800 'jdk/internal/reflect/GeneratedSerializationConstructorAccessor36'

Classes redefined (0 events):
No events

Internal exceptions (20 events):
Event: 25.784 Thread 0x000001f67efde0c0 Exception <a 'java/net/UnknownHostException'{0x000000065ee01230}> (0x000000065ee01230) 
thrown [s\src\hotspot\share\prims\jni.cpp, line 520]
Event: 25.853 Thread 0x000001f67efdac40 Exception <a 'java/lang/NoSuchMethodError'{0x000000065ebcc1b8}: 'java.lang.Object java.lang.invoke.DirectMethodHandle$Holder.invokeVirtual(java.lang.Object, java.lang.Object, java.lang.Object, java.lang.Object, java.lang.Object, java.lang.Object, java.lang.Object, java.lang.Object, java.lang.Object, java.lang.Object)'> (0x000000065ebcc1b8) 
thrown [s\src\hotspot\share\interpreter\linkResolver.cpp, line 773]
Event: 25.971 Thread 0x000001f67efdac40 Exception <a 'java/lang/IncompatibleClassChangeError'{0x000000065dd8a638}: Found class java.lang.Object, but interface was expected> (0x000000065dd8a638) 
thrown [s\src\hotspot\share\interpreter\linkResolver.cpp, line 840]
Event: 26.588 Thread 0x000001f67efdac40 Exception <a 'java/lang/NoSuchMethodError'{0x000000065ab23db0}: 'double java.lang.invoke.DirectMethodHandle$Holder.invokeStatic(java.lang.Object, java.lang.Object)'> (0x000000065ab23db0) 
thrown [s\src\hotspot\share\interpreter\linkResolver.cpp, line 773]
Event: 26.791 Thread 0x000001f67efdac40 Exception <a 'java/lang/NoSuchMethodError'{0x0000000659a642a8}: 'java.lang.Object java.lang.invoke.Invokers$Holder.invoke_MT(java.lang.Object, java.lang.Object, java.lang.Object, java.lang.Object, java.lang.Object, java.lang.Object, java.lang.Object, java.lang.Object, java.lang.Object, java.lang.Object, java.lang.Object)'> (0x0000000659a642a8) 
thrown [s\src\hotspot\share\interpreter\linkResolver.cpp, line 773]
Event: 27.180 Thread 0x000001f67efdac40 Exception <a 'java/lang/NoSuchMethodError'{0x0000000657500208}: 'java.lang.Object java.lang.invoke.DirectMethodHandle$Holder.newInvokeSpecial(java.lang.Object, java.lang.Object, java.lang.Object, java.lang.Object, java.lang.Object, java.lang.Object, java.lang.Object, java.lang.Object, java.lang.Object, java.lang.Object, java.lang.Object, java.lang.Object, java.lang.Object)'> (0x0000000657500208) 
thrown [s\src\hotspot\share\interpreter\linkResolver.cpp, line 773]
Event: 27.181 Thread 0x000001f67efdac40 Exception <a 'java/lang/NoSuchMethodError'{0x0000000657504cd8}: 'java.lang.Object java.lang.invoke.DelegatingMethodHandle$Holder.reinvoke_L(java.lang.Object, java.lang.Object, java.lang.Object, java.lang.Object, java.lang.Object, java.lang.Object, java.lang.Object, java.lang.Object, java.lang.Object, java.lang.Object, java.lang.Object, java.lang.Object, java.lang.Object)'> (0x0000000657504cd8) 
thrown [s\src\hotspot\share\interpreter\linkResolver.cpp, line 773]
Event: 28.108 Thread 0x000001f67efdac40 Exception <a 'java/lang/IncompatibleClassChangeError'{0x00000006532de6a0}: Found class java.lang.Object, but interface was expected> (0x00000006532de6a0) 
thrown [s\src\hotspot\share\interpreter\linkResolver.cpp, line 840]
Event: 28.171 Thread 0x000001f67efdac40 Exception <a 'java/lang/NoSuchMethodError'{0x00000006524fb1f0}: 'double java.lang.invoke.DirectMethodHandle$Holder.invokeVirtual(java.lang.Object, java.lang.Object)'> (0x00000006524fb1f0) 
thrown [s\src\hotspot\share\interpreter\linkResolver.cpp, line 773]
Event: 28.171 Thread 0x000001f67efdac40 Exception <a 'java/lang/NoSuchMethodError'{0x00000006524ff148}: 'void java.lang.invoke.DirectMethodHandle$Holder.invokeVirtual(java.lang.Object, java.lang.Object, double)'> (0x00000006524ff148) 
thrown [s\src\hotspot\share\interpreter\linkResolver.cpp, line 773]
Event: 28.171 Thread 0x000001f67efdac40 Exception <a 'java/lang/NoSuchMethodError'{0x00000006525098c0}: 'double java.lang.invoke.DelegatingMethodHandle$Holder.reinvoke_L(java.lang.Object, java.lang.Object, int)'> (0x00000006525098c0) 
thrown [s\src\hotspot\share\interpreter\linkResolver.cpp, line 773]
Event: 28.172 Thread 0x000001f67efdac40 Exception <a 'java/lang/NoSuchMethodError'{0x0000000652513410}: 'void java.lang.invoke.DelegatingMethodHandle$Holder.reinvoke_L(java.lang.Object, java.lang.Object, double)'> (0x0000000652513410) 
thrown [s\src\hotspot\share\interpreter\linkResolver.cpp, line 773]
Event: 28.173 Thread 0x000001f67efdac40 Exception <a 'java/lang/NoSuchMethodError'{0x000000065252e5c8}: 'float java.lang.invoke.DirectMethodHandle$Holder.invokeVirtual(java.lang.Object, java.lang.Object)'> (0x000000065252e5c8) 
thrown [s\src\hotspot\share\interpreter\linkResolver.cpp, line 773]
Event: 28.173 Thread 0x000001f67efdac40 Exception <a 'java/lang/NoSuchMethodError'{0x0000000652535600}: 'float java.lang.invoke.DelegatingMethodHandle$Holder.reinvoke_L(java.lang.Object, java.lang.Object)'> (0x0000000652535600) 
thrown [s\src\hotspot\share\interpreter\linkResolver.cpp, line 773]
Event: 28.173 Thread 0x000001f67efdac40 Exception <a 'java/lang/NoSuchMethodError'{0x00000006525404c8}: 'void java.lang.invoke.DirectMethodHandle$Holder.invokeVirtual(java.lang.Object, java.lang.Object, float)'> (0x00000006525404c8) 
thrown [s\src\hotspot\share\interpreter\linkResolver.cpp, line 773]
Event: 28.174 Thread 0x000001f67efdac40 Exception <a 'java/lang/NoSuchMethodError'{0x000000065254ac38}: 'float java.lang.invoke.DelegatingMethodHandle$Holder.reinvoke_L(java.lang.Object, java.lang.Object, int)'> (0x000000065254ac38) 
thrown [s\src\hotspot\share\interpreter\linkResolver.cpp, line 773]
Event: 28.174 Thread 0x000001f67efdac40 Exception <a 'java/lang/NoSuchMethodError'{0x0000000652554788}: 'void java.lang.invoke.DelegatingMethodHandle$Holder.reinvoke_L(java.lang.Object, java.lang.Object, float)'> (0x0000000652554788) 
thrown [s\src\hotspot\share\interpreter\linkResolver.cpp, line 773]
Event: 28.368 Thread 0x000001f60a330aa0 Exception <a 'java/lang/NoSuchMethodError'{0x0000000651fc1bf0}: 'java.lang.Object java.lang.invoke.DirectMethodHandle$Holder.newInvokeSpecial(java.lang.Object, java.lang.Object, long)'> (0x0000000651fc1bf0) 
thrown [s\src\hotspot\share\interpreter\linkResolver.cpp, line 773]
Event: 28.486 Thread 0x000001f67efde0c0 Exception <a 'java/net/UnknownHostException'{0x000000065ee18c98}> (0x000000065ee18c98) 
thrown [s\src\hotspot\share\prims\jni.cpp, line 520]
Event: 28.648 Thread 0x000001f638604b80 Exception <a 'java/lang/NoSuchMethodError'{0x00000007ff415410}: 'long java.lang.invoke.DirectMethodHandle$Holder.invokeStatic(java.lang.Object, java.lang.Object, java.lang.Object)'> (0x00000007ff415410) 
thrown [s\src\hotspot\share\interpreter\linkResolver.cpp, line 773]

ZGC Phase Switch (0 events):
No events

VM Operations (20 events):
Event: 28.298 Executing non-safepoint VM operation: HandshakeAllThreads (Deoptimize) done
Event: 28.303 Executing non-safepoint VM operation: HandshakeAllThreads (Deoptimize)
Event: 28.303 Executing non-safepoint VM operation: HandshakeAllThreads (Deoptimize) done
Event: 28.630 Executing safepoint VM operation: G1CollectForAllocation (G1 Evacuation Pause)
Event: 28.639 Executing safepoint VM operation: G1CollectForAllocation (G1 Evacuation Pause) done
Event: 28.863 Executing safepoint VM operation: G1TryInitiateConcMark (G1 Humongous Allocation)
Event: 28.869 Executing safepoint VM operation: G1TryInitiateConcMark (G1 Humongous Allocation) done
Event: 28.933 Executing safepoint VM operation: G1PauseRemark
Event: 28.977 Executing safepoint VM operation: G1PauseRemark done
Event: 29.001 Executing safepoint VM operation: G1PauseCleanup
Event: 29.001 Executing safepoint VM operation: G1PauseCleanup done
Event: 30.006 Executing safepoint VM operation: Cleanup
Event: 30.006 Executing safepoint VM operation: Cleanup done
Event: 31.014 Executing safepoint VM operation: Cleanup
Event: 31.014 Executing safepoint VM operation: Cleanup done
Event: 35.050 Executing safepoint VM operation: Cleanup
Event: 35.050 Executing safepoint VM operation: Cleanup done
Event: 37.069 Executing safepoint VM operation: Cleanup
Event: 37.069 Executing safepoint VM operation: Cleanup done
Event: 39.088 Executing safepoint VM operation: Cleanup

Memory protections (0 events):
No events

Nmethod flushes (20 events):
Event: 19.828 Thread 0x000001f6385e1580 flushing  nmethod 0x000001f62a6a4510
Event: 19.828 Thread 0x000001f6385e1580 flushing  nmethod 0x000001f62a6a4910
Event: 19.828 Thread 0x000001f6385e1580 flushing  nmethod 0x000001f62a6a4e90
Event: 19.828 Thread 0x000001f6385e1580 flushing  nmethod 0x000001f62a6a5190
Event: 19.828 Thread 0x000001f6385e1580 flushing  nmethod 0x000001f62a6a5890
Event: 19.828 Thread 0x000001f6385e1580 flushing  nmethod 0x000001f62a6a5c90
Event: 19.828 Thread 0x000001f6385e1580 flushing  nmethod 0x000001f62a6a6090
Event: 19.828 Thread 0x000001f6385e1580 flushing  nmethod 0x000001f62a6a6410
Event: 19.828 Thread 0x000001f6385e1580 flushing  nmethod 0x000001f62a6a6790
Event: 19.828 Thread 0x000001f6385e1580 flushing  nmethod 0x000001f62a6a6b10
Event: 19.828 Thread 0x000001f6385e1580 flushing  nmethod 0x000001f62a6a7790
Event: 19.828 Thread 0x000001f6385e1580 flushing  nmethod 0x000001f62a6a7b10
Event: 19.828 Thread 0x000001f6385e1580 flushing  nmethod 0x000001f62a6a8410
Event: 19.828 Thread 0x000001f6385e1580 flushing  nmethod 0x000001f62a6a8710
Event: 19.828 Thread 0x000001f6385e1580 flushing  nmethod 0x000001f62a6a9290
Event: 28.976 Thread 0x000001f6385e1580 flushing  nmethod 0x000001f629975a10
Event: 28.976 Thread 0x000001f6385e1580 flushing  nmethod 0x000001f629e69b10
Event: 28.976 Thread 0x000001f6385e1580 flushing  nmethod 0x000001f62a343f10
Event: 28.976 Thread 0x000001f6385e1580 flushing  nmethod 0x000001f6298d8710
Event: 28.976 Thread 0x000001f6385e1580 flushing  nmethod 0x000001f629c5a790

Events (20 events):
Event: 33.810 Thread 0x000001f6386ca870 Thread exited: 0x000001f6386ca870
Event: 33.810 Thread 0x000001f638757590 Thread exited: 0x000001f638757590
Event: 33.969 Thread 0x000001f67efdb960 Thread added: 0x000001f60a331130
Event: 33.971 Thread 0x000001f60a331130 Thread exited: 0x000001f60a331130
Event: 34.472 Thread 0x000001f6386065c0 Thread added: 0x000001f60a32f060
Event: 34.474 Thread 0x000001f60a32f060 Thread exited: 0x000001f60a32f060
Event: 34.975 Thread 0x000001f6386065c0 Thread added: 0x000001f60a32fd80
Event: 34.977 Thread 0x000001f60a32fd80 Thread exited: 0x000001f60a32fd80
Event: 35.478 Thread 0x000001f6386065c0 Thread added: 0x000001f60a32f060
Event: 35.480 Thread 0x000001f60a32f060 Thread exited: 0x000001f60a32f060
Event: 35.981 Thread 0x000001f6386065c0 Thread added: 0x000001f60a331e50
Event: 35.982 Thread 0x000001f60a331e50 Thread exited: 0x000001f60a331e50
Event: 36.484 Thread 0x000001f6386065c0 Thread added: 0x000001f60a32fd80
Event: 36.485 Thread 0x000001f60a32fd80 Thread exited: 0x000001f60a32fd80
Event: 36.987 Thread 0x000001f6386065c0 Thread added: 0x000001f60a32fd80
Event: 36.989 Thread 0x000001f60a32fd80 Thread exited: 0x000001f60a32fd80
Event: 37.490 Thread 0x000001f67efdb960 Thread added: 0x000001f60a331130
Event: 37.492 Thread 0x000001f60a331130 Thread exited: 0x000001f60a331130
Event: 37.994 Thread 0x000001f6386065c0 Thread added: 0x000001f60a331130
Event: 37.995 Thread 0x000001f60a331130 Thread exited: 0x000001f60a331130


Dynamic libraries:
0x00007ff756e40000 - 0x00007ff756e4e000 	C:\Users\ADMIN\.jdks\temurin-21.0.11\bin\java.exe
0x00007ff93fe60000 - 0x00007ff9400c6000 	C:\WINDOWS\SYSTEM32\ntdll.dll
0x00007ff93ec70000 - 0x00007ff93ed39000 	C:\WINDOWS\System32\KERNEL32.DLL
0x00007ff93d450000 - 0x00007ff93d849000 	C:\WINDOWS\System32\KERNELBASE.dll
0x00007ff93da80000 - 0x00007ff93dbcc000 	C:\WINDOWS\System32\ucrtbase.dll
0x00007ff92ce70000 - 0x00007ff92ce8e000 	C:\Users\ADMIN\.jdks\temurin-21.0.11\bin\VCRUNTIME140.dll
0x00007ff932630000 - 0x00007ff932648000 	C:\Users\ADMIN\.jdks\temurin-21.0.11\bin\jli.dll
0x00007ff93fa80000 - 0x00007ff93fc47000 	C:\WINDOWS\System32\USER32.dll
0x00007ff928ce0000 - 0x00007ff928f72000 	C:\WINDOWS\WinSxS\amd64_microsoft.windows.common-controls_6595b64144ccf1df_6.0.26100.8283_none_3e0e8bf4e32ece0c\COMCTL32.dll
0x00007ff93d910000 - 0x00007ff93d937000 	C:\WINDOWS\System32\win32u.dll
0x00007ff93fcb0000 - 0x00007ff93fd59000 	C:\WINDOWS\System32\msvcrt.dll
0x00007ff93fdb0000 - 0x00007ff93fddb000 	C:\WINDOWS\System32\GDI32.dll
0x00007ff93d270000 - 0x00007ff93d39b000 	C:\WINDOWS\System32\gdi32full.dll
0x00007ff93d3a0000 - 0x00007ff93d443000 	C:\WINDOWS\System32\msvcp_win.dll
0x00007ff93fde0000 - 0x00007ff93fe12000 	C:\WINDOWS\System32\IMM32.DLL
0x00007ff91ae60000 - 0x00007ff91af52000 	C:\Program Files\Windhawk\Engine\1.6.1\64\windhawk.dll
0x00007ff93dbe0000 - 0x00007ff93dc96000 	C:\WINDOWS\System32\ADVAPI32.dll
0x00007ff93dcb0000 - 0x00007ff93dd57000 	C:\WINDOWS\System32\sechost.dll
0x00007ff93f290000 - 0x00007ff93f3a8000 	C:\WINDOWS\System32\RPCRT4.dll
0x00007ff939900000 - 0x00007ff93990c000 	C:\Users\ADMIN\.jdks\temurin-21.0.11\bin\vcruntime140_1.dll
0x00007ff92c8e0000 - 0x00007ff92c96d000 	C:\Users\ADMIN\.jdks\temurin-21.0.11\bin\msvcp140.dll
0x00007ff87df80000 - 0x00007ff87ed22000 	C:\Users\ADMIN\.jdks\temurin-21.0.11\bin\server\jvm.dll
0x00007ff93f830000 - 0x00007ff93f8b0000 	C:\WINDOWS\System32\WS2_32.dll
0x00007ff93cf50000 - 0x00007ff93cfae000 	C:\WINDOWS\SYSTEM32\POWRPROF.dll
0x00007ff9327d0000 - 0x00007ff9327db000 	C:\WINDOWS\SYSTEM32\VERSION.dll
0x00007ff933020000 - 0x00007ff933056000 	C:\WINDOWS\SYSTEM32\WINMM.dll
0x00007ff93cf30000 - 0x00007ff93cf44000 	C:\WINDOWS\SYSTEM32\UMPDC.dll
0x00007ff93be70000 - 0x00007ff93be8b000 	C:\WINDOWS\SYSTEM32\kernel.appcore.dll
0x00007ff92ca80000 - 0x00007ff92ca8a000 	C:\Users\ADMIN\.jdks\temurin-21.0.11\bin\jimage.dll
0x00007ff930520000 - 0x00007ff930762000 	C:\WINDOWS\SYSTEM32\DBGHELP.DLL
0x00007ff93f430000 - 0x00007ff93f7b3000 	C:\WINDOWS\System32\combase.dll
0x00007ff93efb0000 - 0x00007ff93f089000 	C:\WINDOWS\System32\OLEAUT32.dll
0x00007ff920b40000 - 0x00007ff920b7b000 	C:\WINDOWS\SYSTEM32\dbgcore.DLL
0x00007ff93d9d0000 - 0x00007ff93da78000 	C:\WINDOWS\System32\bcryptPrimitives.dll
0x00007ff92c8d0000 - 0x00007ff92c8df000 	C:\Users\ADMIN\.jdks\temurin-21.0.11\bin\instrument.dll
0x00007ff92ca60000 - 0x00007ff92ca80000 	C:\Users\ADMIN\.jdks\temurin-21.0.11\bin\java.dll
0x00007ff93df40000 - 0x00007ff93e6bf000 	C:\WINDOWS\System32\SHELL32.dll
0x00007ff93aca0000 - 0x00007ff93b516000 	C:\WINDOWS\SYSTEM32\windows.storage.dll
0x00007ff93f8c0000 - 0x00007ff93f9b9000 	C:\WINDOWS\System32\SHCORE.dll
0x00007ff93f7c0000 - 0x00007ff93f827000 	C:\WINDOWS\System32\shlwapi.dll
0x00007ff93d010000 - 0x00007ff93d039000 	C:\WINDOWS\SYSTEM32\profapi.dll
0x00007ff92c880000 - 0x00007ff92c898000 	C:\Users\ADMIN\.jdks\temurin-21.0.11\bin\zip.dll
0x00007ff92c8c0000 - 0x00007ff92c8d0000 	C:\Users\ADMIN\.jdks\temurin-21.0.11\bin\net.dll
0x00007ff936630000 - 0x00007ff936759000 	C:\WINDOWS\SYSTEM32\WINHTTP.dll
0x00007ff93c3e0000 - 0x00007ff93c44c000 	C:\WINDOWS\system32\mswsock.dll
0x00007ff92c8a0000 - 0x00007ff92c8b6000 	C:\Users\ADMIN\.jdks\temurin-21.0.11\bin\nio.dll
0x00007ff93b930000 - 0x00007ff93ba79000 	C:\WINDOWS\SYSTEM32\DNSAPI.dll
0x00007ff93c1e0000 - 0x00007ff93c1ed000 	C:\WINDOWS\SYSTEM32\DSPARSE.dll
0x00007ff93b8f0000 - 0x00007ff93b923000 	C:\WINDOWS\SYSTEM32\IPHLPAPI.DLL
0x00007ff93dca0000 - 0x00007ff93dcaa000 	C:\WINDOWS\System32\NSI.dll
0x00007ff932a10000 - 0x00007ff932a1b000 	C:\Windows\System32\rasadhlp.dll
0x00007ff937060000 - 0x00007ff9370e6000 	C:\WINDOWS\System32\fwpuclnt.dll
0x00007ff92c820000 - 0x00007ff92c829000 	C:\Users\ADMIN\.jdks\temurin-21.0.11\bin\extnet.dll
0x00007ff92c810000 - 0x00007ff92c81a000 	C:\Users\ADMIN\.jdks\temurin-21.0.11\bin\management.dll
0x00007ff92c6d0000 - 0x00007ff92c6dc000 	C:\Users\ADMIN\.jdks\temurin-21.0.11\bin\management_ext.dll
0x00007ff93dbd0000 - 0x00007ff93dbd8000 	C:\WINDOWS\System32\PSAPI.DLL
0x00007ff93c6c0000 - 0x00007ff93c6db000 	C:\WINDOWS\SYSTEM32\CRYPTSP.dll
0x00007ff93bdd0000 - 0x00007ff93be09000 	C:\WINDOWS\system32\rsaenh.dll
0x00007ff93c490000 - 0x00007ff93c4c3000 	C:\WINDOWS\SYSTEM32\USERENV.dll
0x00007ff93cfe0000 - 0x00007ff93d00a000 	C:\WINDOWS\SYSTEM32\bcrypt.dll
0x00007ff93c6e0000 - 0x00007ff93c6ec000 	C:\WINDOWS\SYSTEM32\CRYPTBASE.dll
0x00007ff8fc1c0000 - 0x00007ff8fc1d8000 	C:\WINDOWS\system32\napinsp.dll
0x00007ff8fc1a0000 - 0x00007ff8fc1b3000 	C:\WINDOWS\System32\winrnr.dll
0x00007ff8fc170000 - 0x00007ff8fc192000 	C:\WINDOWS\system32\nlansp_c.dll
0x00007ff90c2a0000 - 0x00007ff90c2b6000 	C:\WINDOWS\system32\wshbth.dll
0x00007ff937f50000 - 0x00007ff937fa6000 	C:\WINDOWS\SYSTEM32\pdh.dll
0x00007ff9233d0000 - 0x00007ff9233e2000 	C:\WINDOWS\System32\perfproc.dll
0x00007ff923340000 - 0x00007ff923351000 	C:\WINDOWS\System32\perfos.dll
0x00007ff93b540000 - 0x00007ff93b552000 	C:\WINDOWS\SYSTEM32\pfclient.dll
0x00007ff92c6c0000 - 0x00007ff92c6d0000 	C:\Users\ADMIN\.jdks\temurin-21.0.11\bin\verify.dll
0x00007ff92c860000 - 0x00007ff92c86e000 	C:\Users\ADMIN\.jdks\temurin-21.0.11\bin\sunmscapi.dll
0x00007ff93c8e0000 - 0x00007ff93c910000 	C:\WINDOWS\SYSTEM32\ncrypt.dll
0x000001f6041c0000 - 0x000001f604337000 	C:\WINDOWS\System32\CRYPT32.dll
0x00007ff93c890000 - 0x00007ff93c8cf000 	C:\WINDOWS\SYSTEM32\NTASN1.dll
0x00007ff936a10000 - 0x00007ff936a2d000 	C:\WINDOWS\SYSTEM32\dhcpcsvc6.DLL
0x00007ff936920000 - 0x00007ff936945000 	C:\WINDOWS\SYSTEM32\dhcpcsvc.DLL
0x00007ff8fd040000 - 0x00007ff8fd048000 	C:\WINDOWS\system32\wshunix.dll

JVMTI agents:
F:\Program Files\JetBrains\IntelliJ IDEA 2026.1\lib\idea_rt.jar path:C:\Users\ADMIN\.jdks\temurin-21.0.11\bin\instrument.dll, loaded, initialized, instrumentlib options:51251

dbghelp: loaded successfully - version: 4.0.5 - missing functions: none
symbol engine: initialized successfully - sym options: 0x614 - pdb path: .;C:\Users\ADMIN\.jdks\temurin-21.0.11\bin;C:\WINDOWS\SYSTEM32;C:\WINDOWS\WinSxS\amd64_microsoft.windows.common-controls_6595b64144ccf1df_6.0.26100.8283_none_3e0e8bf4e32ece0c;C:\Program Files\Windhawk\Engine\1.6.1\64;C:\Users\ADMIN\.jdks\temurin-21.0.11\bin\server

VM Arguments:
jvm_args: -XX:TieredStopAtLevel=1 -Dspring.output.ansi.enabled=always -Dcom.sun.management.jmxremote -Dspring.jmx.enabled=true -Dspring.liveBeansView.mbeanDomain -Dspring.application.admin.enabled=true -Dmanagement.endpoints.jmx.exposure.include=* -javaagent:F:\Program Files\JetBrains\IntelliJ IDEA 2026.1\lib\idea_rt.jar=51251 -Dfile.encoding=UTF-8 -Dsun.stdout.encoding=UTF-8 -Dsun.stderr.encoding=UTF-8 
java_command: com.theblood.springfood.chat.ChatApp
java_class_path (initial): F:\Document\TASC\Backend\springfood-microservice\chat\target\classes;C:\Users\ADMIN\.m2\repository\tech\jhipster\jhipster-framework\8.11.0\jhipster-framework-8.11.0.jar;C:\Users\ADMIN\.m2\repository\org\springframework\boot\spring-boot-configuration-processor\3.5.2\spring-boot-configuration-processor-3.5.2.jar;C:\Users\ADMIN\.m2\repository\org\springframework\boot\spring-boot-loader-tools\3.5.2\spring-boot-loader-tools-3.5.2.jar;C:\Users\ADMIN\.m2\repository\org\apache\commons\commons-compress\1.27.1\commons-compress-1.27.1.jar;C:\Users\ADMIN\.m2\repository\commons-codec\commons-codec\1.18.0\commons-codec-1.18.0.jar;C:\Users\ADMIN\.m2\repository\org\springframework\spring-core\6.2.6\spring-core-6.2.6.jar;C:\Users\ADMIN\.m2\repository\org\springframework\spring-jcl\6.2.6\spring-jcl-6.2.6.jar;C:\Users\ADMIN\.m2\repository\org\springframework\boot\spring-boot-starter-actuator\3.5.2\spring-boot-starter-actuator-3.5.2.jar;C:\Users\ADMIN\.m2\repository\org\springframework\boot\spring-boot-starter\3.5.2\spring-boot-starter-3.5.2.jar;C:\Users\ADMIN\.m2\repository\org\springframework\boot\spring-boot-actuator-autoconfigure\3.5.2\spring-boot-actuator-autoconfigure-3.5.2.jar;C:\Users\ADMIN\.m2\repository\org\springframework\boot\spring-boot-actuator\3.5.2\spring-boot-actuator-3.5.2.jar;C:\Users\ADMIN\.m2\repository\io\micrometer\micrometer-observation\1.14.6\micrometer-observation-1.14.6.jar;C:\Users\ADMIN\.m2\repository\io\micrometer\micrometer-commons\1.14.6\micrometer-commons-1.14.6.jar;C:\Users\ADMIN\.m2\repository\io\micrometer\micrometer-jakarta9\1.14.6\micrometer-jakarta9-1.14.6.jar;C:\Users\ADMIN\.m2\repository\org\springframework\boot\spring-boot-starter-aop\3.5.2\spring-boot-starter-aop-3.5.2.jar;C:\Users\ADMIN\.m2\repository\org\springframework\spring-aop\6.2.6\spring-aop-6.2.6.jar;C:\Users\ADMIN\.m2\repository\org\aspectj\aspectjweaver\1.9.24\aspectjweaver-1.9.24.jar;C:\Users\ADMIN\.m2\repository\org\springframework\boot\spring-boot-starter-cache\3.5.2\spring-boot-starter-cache-3.5.2.jar;C:\Users\ADMIN\.m2\repository\org\springframework\spring-context-support\6.2.6\spring-context-support-6.2.6.jar;C:\Users\ADMIN\.m2\repository\org\springframework\boot\spring-boot-starter-data-jpa\3.5.2\spring-boot-starter-data-jpa-3.5.2.jar;C:\Users\ADMIN\.m2\repository\org\springframework\boot\spring-boot-starter-jdbc\3.5.2\spring-boot-starter-jdbc-3.5.2.jar;C:\Users\ADMIN\.m2\repository\org\springframework\spring-jdbc\6.2.6\spring-jdbc-6.2.6.jar;C:\Users\ADMIN\.m2\repository\org\springframework\data\spring-data-jpa\3.4.5\spring-data-jpa-3.4.5.jar;C:\Users\ADMIN\.m2\repository\org\springframework\spring-orm\6.2.6\spring-orm-6.2.6.jar;C:\Users\ADMIN\.m2\repository\org\springframework\spring-aspects\6.2.6\spring-aspects-6.2.6.jar;C:\Users\ADMIN\.m2\repository\org\springframework\boot\spring-boot-starter-logging\3.5.2\spring-boot-starter-logging-3.5.2.jar;C:\Users\ADMIN\.m2\repository\ch\qos\logback\logback-classic\1.5.18\logback-classic-1.5.18.jar;C:\Users\ADMIN\.m2\repository\ch\qos\logback\logback-core\1.5.18\logback-core-1.5.18.jar;C:\Users\ADMIN\.m2\repository\org\apache\logging\log4j\log4j-to-slf4j\2.24.3\log4j-to-slf4j-2.24.3.jar;C:\Users\ADMIN\.m2\repository\org\apache\logging\log4j\log4j-api\2.24.3\log4j-api-2.24.3.jar;C:\Users\ADMIN\.m2\repository\org\slf4j\jul-to-slf4j\2.0.17\jul-to-slf4j-2.0.17.jar;C:\Users\ADMIN\.m2\repository\org\springframework\boot\spring-boot-starter-mail\3.5.2\spring-boot-starter-mail-3.5.2.jar;C:\Users\ADMIN\.m2\repository\org\eclipse\angus\jakarta.mail\2.0.3\jakarta.mail-2.0.3.jar;C:\Users\ADMIN\.m2\repository\org\eclipse\angus\angus-activation\2.0.2\angus-activation-2.0.2.jar;C:\Users\ADMIN\.m2\repository\org\springframework\boot\spring-boot-starter-oauth2-resource-server\3.5.2\spring-boot-starter-oauth2-resource-server-3.5.2.jar;C:\Users\ADMIN\.m2\repository\org\springframework\security\spring-security-config\6.4.5\spring-security-config-6.4.5.jar;C:\Users\ADMIN\.m2\repository\org\springframework\security\spring-security-core\6.4.5\spring-security-core-6.4.5.jar;C:\Users\ADMIN\.m2\repository\org\springframework\security\spring-security-crypto\6.4.5\spring-security-crypto-6.4.5.jar;C:\Users\ADMIN\.m2\repository\org\springframework\security\spring-security-oauth2-resource-server\6.4.5\spring-security-oauth2-resource-server-6.4.5.jar;C:\Users\ADMIN\.m2\repository\org\springframework\security\spring-security-oauth2-core\6.4.5\spring-security-oauth2-core-6.4.5.jar;C:\Users\ADMIN\.m2\repository\org\springframework\security\spring-security-oauth2-jose\6.4.5\spring-security-oauth2-jose-6.4.5.jar;C:\Users\ADMIN\.m2\repository\com\nimbusds\nimbus-jose-jwt\9.37.3\nimbus-jose-jwt-9.37.3.jar;C:\Users\ADMIN\.m2\repository\com\github\stephenc\jcip\jcip-annotations\1.0-1\jcip-annotations-1.0-1.jar;C:\Users\ADMIN\.m2\repository\org\springframework\boot\spring-boot-starter-security\3.5.2\spring-boot-starter-security-3.5.2.jar;C:\Users\ADMIN\.m2\repository\org\springframework\security\spring-security-web\6.4.5\spring-security-web-6.4.5.jar;C:\Users\ADMIN\.m2\repository\jakarta\xml\bind\jakarta.xml.bind-api\4.0.2\jakarta.xml.bind-api-4.0.2.jar;C:\Users\ADMIN\.m2\repository\org\objenesis\objenesis\3.3\objenesis-3.3.jar;C:\Users\ADMIN\.m2\repository\org\springframework\boot\spring-boot-starter-thymeleaf\3.5.2\spring-boot-starter-thymeleaf-3.5.2.jar;C:\Users\ADMIN\.m2\repository\org\thymeleaf\thymeleaf-spring6\3.1.3.RELEASE\thymeleaf-spring6-3.1.3.RELEASE.jar;C:\Users\ADMIN\.m2\repository\org\thymeleaf\thymeleaf\3.1.3.RELEASE\thymeleaf-3.1.3.RELEASE.jar;C:\Users\ADMIN\.m2\repository\org\attoparser\attoparser\2.0.7.RELEASE\attoparser-2.0.7.RELEASE.jar;C:\Users\ADMIN\.m2\repository\org\unbescape\unbescape\1.1.6.RELEASE\unbescape-1.1.6.RELEASE.jar;C:\Users\ADMIN\.m2\repository\org\springframework\boot\spring-boot-starter-undertow\3.5.2\spring-boot-starter-undertow-3.5.2.jar;C:\Users\ADMIN\.m2\repository\io\undertow\undertow-core\2.3.18.Final\undertow-core-2.3.18.Final.jar;C:\Users\ADMIN\.m2\repository\org\jboss\xnio\xnio-api\3.8.16.Final\xnio-api-3.8.16.Final.jar;C:\Users\ADMIN\.m2\repository\org\wildfly\common\wildfly-common\1.5.4.Final\wildfly-common-1.5.4.Final.jar;C:\Users\ADMIN\.m2\repository\org\wildfly\client\wildfly-client-config\1.0.1.Final\wildfly-client-config-1.0.1.Final.jar;C:\Users\ADMIN\.m2\repository\org\jboss\xnio\xnio-nio\3.8.16.Final\xnio-nio-3.8.16.Final.jar;C:\Users\ADMIN\.m2\repository\org\jboss\threads\jboss-threads\3.5.0.Final\jboss-threads-3.5.0.Final.jar;C:\Users\ADMIN\.m2\repository\io\undertow\undertow-servlet\2.3.18.Final\undertow-servlet-2.3.18.Final.jar;C:\Users\ADMIN\.m2\repository\jakarta\servlet\jakarta.servlet-api\6.0.0\jakarta.servlet-api-6.0.0.jar;C:\Users\ADMIN\.m2\repository\io\undertow\undertow-websockets-jsr\2.3.18.Final\undertow-websockets-jsr-2.3.18.Final.jar;C:\Users\ADMIN\.m2\repository\jakarta\websocket\jakarta.websocket-api\2.1.1\jakarta.websocket-api-2.1.1.jar;C:\Users\ADMIN\.m2\repository\jakarta\websocket\jakarta.websocket-client-api\2.1.1\jakarta.websocket-client-api-2.1.1.jar;C:\Users\ADMIN\.m2\repository\org\apache\tomcat\embed\tomcat-embed-el\10.1.42\tomcat-embed-el-10.1.42.jar;C:\Users\ADMIN\.m2\repository\org\springframework\boot\spring-boot-starter-validation\3.5.2\spring-boot-starter-validation-3.5.2.jar;C:\Users\ADMIN\.m2\repository\org\springframework\boot\spring-boot-starter-websocket\3.5.2\spring-boot-starter-websocket-3.5.2.jar;C:\Users\ADMIN\.m2\repository\org\springframework\spring-websocket\6.2.6\spring-websocket-6.2.6.jar;C:\Users\ADMIN\.m2\repository\org\springframework\spring-messaging\6.2.6\spring-messaging-6.2.6.jar;C:\Users\ADMIN\.m2\repository\org\springframework\spring-beans\6.2.6\spring-beans-6.2.6.jar;C:\Users\ADMIN\.m2\repository\org\springframework\security\spring-security-messaging\6.4.5\spring-security-messaging-6.4.5.jar;C:\Users\ADMIN\.m2\repository\org\springframework\spring-context\6.2.6\spring-context-6.2.6.jar;C:\Users\ADMIN\.m2\repository\org\springframework\spring-expression\6.2.6\spring-expression-6.2.6.jar;C:\Users\ADMIN\.m2\repository\io\projectreactor\netty\reactor-netty-http\1.2.5\reactor-netty-http-1.2.5.jar;C:\Users\ADMIN\.m2\repository\io\netty\netty-codec-http\4.1.119.Final\netty-codec-http-4.1.119.Final.jar;C:\Users\ADMIN\.m2\repository\io\netty\netty-codec-http2\4.1.119.Final\netty-codec-http2-4.1.119.Final.jar;C:\Users\ADMIN\.m2\repository\io\netty\netty-resolver-dns\4.1.119.Final\netty-resolver-dns-4.1.119.Final.jar;C:\Users\ADMIN\.m2\repository\io\netty\netty-codec-dns\4.1.119.Final\netty-codec-dns-4.1.119.Final.jar;C:\Users\ADMIN\.m2\repository\io\netty\netty-resolver-dns-native-macos\4.1.119.Final\netty-resolver-dns-native-macos-4.1.119.Final-osx-x86_64.jar;C:\Users\ADMIN\.m2\repository\io\netty\netty-resolver-dns-classes-macos\4.1.119.Final\netty-resolver-dns-classes-macos-4.1.119.Final.jar;C:\Users\ADMIN\.m2\repository\io\netty\netty-transport-native-epoll\4.1.119.Final\netty-transport-native-epoll-4.1.119.Final-linux-x86_64.jar;C:\Users\ADMIN\.m2\repository\io\netty\netty-transport-native-unix-common\4.1.119.Final\netty-transport-native-unix-common-4.1.119.Final.jar;C:\Users\ADMIN\.m2\repository\io\netty\netty-transport-classes-epoll\4.1.119.Final\netty-transport-classes-epoll-4.1.119.Final.jar;C:\Users\ADMIN\.m2\repository\io\projectreactor\netty\reactor-netty-core\1.2.5\reactor-netty-core-1.2.5.jar;C:\Users\ADMIN\.m2\repository\io\netty\netty-handler-proxy\4.1.119.Final\netty-handler-proxy-4.1.119.Final.jar;C:\Users\ADMIN\.m2\repository\io\netty\netty-codec-socks\4.1.119.Final\netty-codec-socks-4.1.119.Final.jar;C:\Users\ADMIN\.m2\repository\io\projectreactor\reactor-core\3.7.5\reactor-core-3.7.5.jar;C:\Users\ADMIN\.m2\repository\org\springframework\boot\spring-boot-starter-data-redis\3.5.2\spring-boot-starter-data-redis-3.5.2.jar;C:\Users\ADMIN\.m2\repository\io\lettuce\lettuce-core\6.6.0.RELEASE\lettuce-core-6.6.0.RELEASE.jar;C:\Users\ADMIN\.m2\repository\redis\clients\authentication\redis-authx-core\0.1.1-beta2\redis-authx-core-0.1.1-beta2.jar;C:\Users\ADMIN\.m2\repository\org\springframework\data\spring-data-redis\3.4.5\spring-data-redis-3.4.5.jar;C:\Users\ADMIN\.m2\repository\org\springframework\data\spring-data-keyvalue\3.4.5\spring-data-keyvalue-3.4.5.jar;C:\Users\ADMIN\.m2\repository\org\springframework\spring-oxm\6.2.6\spring-oxm-6.2.6.jar;C:\Users\ADMIN\.m2\repository\org\springframework\kafka\spring-kafka\3.3.7\spring-kafka-3.3.7.jar;C:\Users\ADMIN\.m2\repository\org\springframework\spring-tx\6.2.6\spring-tx-6.2.6.jar;C:\Users\ADMIN\.m2\repository\org\apache\kafka\kafka-clients\3.9.1\kafka-clients-3.9.1.jar;C:\Users\ADMIN\.m2\repository\com\github\luben\zstd-jni\1.5.6-4\zstd-jni-1.5.6-4.jar;C:\Users\ADMIN\.m2\repository\org\lz4\lz4-java\1.8.0\lz4-java-1.8.0.jar;C:\Users\ADMIN\.m2\repository\org\xerial\snappy\snappy-java\1.1.10.5\snappy-java-1.1.10.5.jar;C:\Users\ADMIN\.m2\repository\com\fasterxml\jackson\datatype\jackson-datatype-jdk8\2.18.3\jackson-datatype-jdk8-2.18.3.jar;C:\Users\ADMIN\.m2\repository\org\springframework\ai\spring-ai-starter-model-vertex-ai-gemini\1.0.0\spring-ai-starter-model-vertex-ai-gemini-1.0.0.jar;C:\Users\ADMIN\.m2\repository\org\springframework\ai\spring-ai-autoconfigure-model-vertex-ai\1.0.0\spring-ai-autoconfigure-model-vertex-ai-1.0.0.jar;C:\Users\ADMIN\.m2\repository\org\springframework\ai\spring-ai-autoconfigure-model-tool\1.0.0\spring-ai-autoconfigure-model-tool-1.0.0.jar;C:\Users\ADMIN\.m2\repository\org\springframework\ai\spring-ai-autoconfigure-retry\1.0.0\spring-ai-autoconfigure-retry-1.0.0.jar;C:\Users\ADMIN\.m2\repository\org\springframework\ai\spring-ai-autoconfigure-model-chat-observation\1.0.0\spring-ai-autoconfigure-model-chat-observation-1.0.0.jar;C:\Users\ADMIN\.m2\repository\org\springframework\ai\spring-ai-autoconfigure-model-embedding-observation\1.0.0\spring-ai-autoconfigure-model-embedding-observation-1.0.0.jar;C:\Users\ADMIN\.m2\repository\org\springframework\ai\spring-ai-vertex-ai-gemini\1.0.0\spring-ai-vertex-ai-gemini-1.0.0.jar;C:\Users\ADMIN\.m2\repository\com\github\victools\jsonschema-generator\4.37.0\jsonschema-generator-4.37.0.jar;C:\Users\ADMIN\.m2\repository\com\github\victools\jsonschema-module-jackson\4.37.0\jsonschema-module-jackson-4.37.0.jar;C:\Users\ADMIN\.m2\repository\com\google\cloud\google-cloud-vertexai\1.22.0\google-cloud-vertexai-1.22.0.jar;C:\Users\ADMIN\.m2\repository\com\google\api\api-common\2.48.0\api-common-2.48.0.jar;C:\Users\ADMIN\.m2\repository\com\google\auto\value\auto-value-annotations\1.11.0\auto-value-annotations-1.11.0.jar;C:\Users\ADMIN\.m2\repository\com\google\api\grpc\proto-google-cloud-vertexai-v1\1.22.0\proto-google-cloud-vertexai-v1-1.22.0.jar;C:\Users\ADMIN\.m2\repository\com\google\guava\failureaccess\1.0.2\failureaccess-1.0.2.jar;C:\Users\ADMIN\.m2\repository\com\google\guava\listenablefuture\9999.0-empty-to-avoid-conflict-with-guava\listenablefuture-9999.0-empty-to-avoid-conflict-with-guava.jar;C:\Users\ADMIN\.m2\repository\com\google\api\gax\2.65.0\gax-2.65.0.jar;C:\Users\ADMIN\.m2\repository\com\google\auth\google-auth-library-credentials\1.34.0\google-auth-library-credentials-1.34.0.jar;C:\Users\ADMIN\.m2\repository\io\opencensus\opencensus-api\0.31.1\opencensus-api-0.31.1.jar;C:\Users\ADMIN\.m2\repository\io\grpc\grpc-context\1.76.0\grpc-context-1.76.0.jar;C:\Users\ADMIN\.m2\repository\com\google\auth\google-auth-library-oauth2-http\1.34.0\google-auth-library-oauth2-http-1.34.0.jar;C:\Users\ADMIN\.m2\repository\com\google\api\gax-grpc\2.65.0\gax-grpc-2.65.0.jar;C:\Users\ADMIN\.m2\repository\io\grpc\grpc-inprocess\1.76.0\grpc-inprocess-1.76.0.jar;C:\Users\ADMIN\.m2\repository\com\google\android\annotations\4.1.1.4\annotations-4.1.1.4.jar;C:\Users\ADMIN\.m2\repository\io\grpc\grpc-alts\1.76.0\grpc-alts-1.76.0.jar;C:\Users\ADMIN\.m2\repository\io\grpc\grpc-grpclb\1.76.0\grpc-grpclb-1.76.0.jar;C:\Users\ADMIN\.m2\repository\org\conscrypt\conscrypt-openjdk-uber\2.5.2\conscrypt-openjdk-uber-2.5.2.jar;C:\Users\ADMIN\.m2\repository\io\grpc\grpc-auth\1.76.0\grpc-auth-1.76.0.jar;C:\Users\ADMIN\.m2\repository\io\grpc\grpc-googleapis\1.76.0\grpc-googleapis-1.76.0.jar;C:\Users\ADMIN\.m2\repository\io\grpc\grpc-xds\1.76.0\grpc-xds-1.76.0.jar;C:\Users\ADMIN\.m2\repository\com\google\re2j\re2j\1.7\re2j-1.7.jar;C:\Users\ADMIN\.m2\repository\com\google\api\gax-httpjson\2.65.0\gax-httpjson-2.65.0.jar;C:\Users\ADMIN\.m2\repository\com\google\http-client\google-http-client\1.46.3\google-http-client-1.46.3.jar;C:\Users\ADMIN\.m2\repository\org\apache\httpcomponents\httpcore\4.4.16\httpcore-4.4.16.jar;C:\Users\ADMIN\.m2\repository\io\opencensus\opencensus-contrib-http-util\0.31.1\opencensus-contrib-http-util-0.31.1.jar;C:\Users\ADMIN\.m2\repository\com\google\http-client\google-http-client-gson\1.46.3\google-http-client-gson-1.46.3.jar;C:\Users\ADMIN\.m2\repository\com\google\api\grpc\grpc-google-common-protos\2.56.0\grpc-google-common-protos-2.56.0.jar;C:\Users\ADMIN\.m2\repository\com\google\api\grpc\proto-google-iam-v1\1.51.0\proto-google-iam-v1-1.51.0.jar;C:\Users\ADMIN\.m2\repository\com\google\api\grpc\grpc-google-iam-v1\1.51.0\grpc-google-iam-v1-1.51.0.jar;C:\Users\ADMIN\.m2\repository\org\threeten\threetenbp\1.7.0\threetenbp-1.7.0.jar;C:\Users\ADMIN\.m2\repository\org\springframework\ai\spring-ai-model\1.0.0\spring-ai-model-1.0.0.jar;C:\Users\ADMIN\.m2\repository\org\springframework\ai\spring-ai-template-st\1.0.0\spring-ai-template-st-1.0.0.jar;C:\Users\ADMIN\.m2\repository\org\antlr\ST4\4.3.4\ST4-4.3.4.jar;C:\Users\ADMIN\.m2\repository\org\springframework\ai\spring-ai-retry\1.0.0\spring-ai-retry-1.0.0.jar;C:\Users\ADMIN\.m2\repository\org\springframework\spring-webflux\6.2.6\spring-webflux-6.2.6.jar;C:\Users\ADMIN\.m2\repository\org\springframework\ai\spring-ai-autoconfigure-model-chat-client\1.0.0\spring-ai-autoconfigure-model-chat-client-1.0.0.jar;C:\Users\ADMIN\.m2\repository\org\springframework\ai\spring-ai-autoconfigure-model-chat-memory\1.0.0\spring-ai-autoconfigure-model-chat-memory-1.0.0.jar;C:\Users\ADMIN\.m2\repository\org\springframework\ai\spring-ai-starter-model-chat-memory-repository-jdbc\1.0.0\spring-ai-starter-model-chat-memory-repository-jdbc-1.0.0.jar;C:\Users\ADMIN\.m2\repository\org\springframework\ai\spring-ai-autoconfigure-model-chat-memory-repository-jdbc\1.0.0\spring-ai-autoconfigure-model-chat-memory-repository-jdbc-1.0.0.jar;C:\Users\ADMIN\.m2\repository\org\hsqldb\hsqldb\2.7.3\hsqldb-2.7.3.jar;C:\Users\ADMIN\.m2\repository\org\springframework\ai\spring-ai-model-chat-memory-repository-jdbc\1.0.0\spring-ai-model-chat-memory-repository-jdbc-1.0.0.jar;C:\Users\ADMIN\.m2\repository\org\springframework\ai\spring-ai-pdf-document-reader\1.0.0\spring-ai-pdf-document-reader-1.0.0.jar;C:\Users\ADMIN\.m2\repository\org\springframework\ai\spring-ai-commons\1.0.0\spring-ai-commons-1.0.0.jar;C:\Users\ADMIN\.m2\repository\io\micrometer\context-propagation\1.1.3\context-propagation-1.1.3.jar;C:\Users\ADMIN\.m2\repository\com\fasterxml\jackson\module\jackson-module-jsonSchema\2.18.3\jackson-module-jsonSchema-2.18.3.jar;C:\Users\ADMIN\.m2\repository\javax\validation\validation-api\1.1.0.Final\validation-api-1.1.0.Final.jar;C:\Users\ADMIN\.m2\repository\com\knuddels\jtokkit\1.1.0\jtokkit-1.1.0.jar;C:\Users\ADMIN\.m2\repository\org\apache\pdfbox\pdfbox\3.0.3\pdfbox-3.0.3.jar;C:\Users\ADMIN\.m2\repository\org\apache\pdfbox\pdfbox-io\3.0.3\pdfbox-io-3.0.3.jar;C:\Users\ADMIN\.m2\repository\org\apache\pdfbox\fontbox\3.0.3\fontbox-3.0.3.jar;C:\Users\ADMIN\.m2\repository\org\springframework\ai\spring-ai-starter-vector-store-pgvector\1.0.0\spring-ai-starter-vector-store-pgvector-1.0.0.jar;C:\Users\ADMIN\.m2\repository\org\springframework\ai\spring-ai-autoconfigure-vector-store-pgvector\1.0.0\spring-ai-autoconfigure-vector-store-pgvector-1.0.0.jar;C:\Users\ADMIN\.m2\repository\org\springframework\ai\spring-ai-autoconfigure-vector-store-observation\1.0.0\spring-ai-autoconfigure-vector-store-observation-1.0.0.jar;C:\Users\ADMIN\.m2\repository\org\springframework\ai\spring-ai-pgvector-store\1.0.0\spring-ai-pgvector-store-1.0.0.jar;C:\Users\ADMIN\.m2\repository\org\springframework\ai\spring-ai-advisors-vector-store\1.0.0\spring-ai-advisors-vector-store-1.0.0.jar;C:\Users\ADMIN\.m2\repository\org\springframework\ai\spring-ai-client-chat\1.0.0\spring-ai-client-chat-1.0.0.jar;C:\Users\ADMIN\.m2\repository\io\swagger\core\v3\swagger-annotations\2.2.25\swagger-annotations-2.2.25.jar;C:\Users\ADMIN\.m2\repository\com\github\victools\jsonschema-module-swagger-2\4.37.0\jsonschema-module-swagger-2-4.37.0.jar;C:\Users\ADMIN\.m2\repository\org\springframework\ai\spring-ai-vector-store\1.0.0\spring-ai-vector-store-1.0.0.jar;C:\Users\ADMIN\.m2\repository\com\pgvector\pgvector\0.1.6\pgvector-0.1.6.jar;C:\Users\ADMIN\.m2\repository\io\hypersistence\hypersistence-utils-hibernate-63\3.9.0\hypersistence-utils-hibernate-63-3.9.0.jar;C:\Users\ADMIN\.m2\repository\io\hypersistence\hypersistence-tsid\2.1.1\hypersistence-tsid-2.1.1.jar;C:\Users\ADMIN\.m2\repository\org\springframework\boot\spring-boot-starter-web\3.5.2\spring-boot-starter-web-3.5.2.jar;C:\Users\ADMIN\.m2\repository\org\springframework\boot\spring-boot-starter-json\3.5.2\spring-boot-starter-json-3.5.2.jar;C:\Users\ADMIN\.m2\repository\org\springframework\spring-web\6.2.6\spring-web-6.2.6.jar;C:\Users\ADMIN\.m2\repository\org\springframework\spring-webmvc\6.2.6\spring-webmvc-6.2.6.jar;C:\Users\ADMIN\.m2\repository\org\springframework\boot\spring-boot\3.5.2\spring-boot-3.5.2.jar;C:\Users\ADMIN\.m2\repository\org\springframework\security\spring-security-data\6.4.5\spring-security-data-6.4.5.jar;C:\Users\ADMIN\.m2\repository\org\springframework\data\spring-data-commons\3.4.5\spring-data-commons-3.4.5.jar;C:\Users\ADMIN\.m2\repository\org\springdoc\springdoc-openapi-starter-webmvc-api\2.8.8\springdoc-openapi-starter-webmvc-api-2.8.8.jar;C:\Users\ADMIN\.m2\repository\org\springdoc\springdoc-openapi-starter-common\2.8.8\springdoc-openapi-starter-common-2.8.8.jar;C:\Users\ADMIN\.m2\repository\io\swagger\core\v3\swagger-core-jakarta\2.2.30\swagger-core-jakarta-2.2.30.jar;C:\Users\ADMIN\.m2\repository\io\swagger\core\v3\swagger-annotations-jakarta\2.2.30\swagger-annotations-jakarta-2.2.30.jar;C:\Users\ADMIN\.m2\repository\io\swagger\core\v3\swagger-models-jakarta\2.2.30\swagger-models-jakarta-2.2.30.jar;C:\Users\ADMIN\.m2\repository\com\fasterxml\jackson\datatype\jackson-datatype-hibernate6\2.18.3\jackson-datatype-hibernate6-2.18.3.jar;C:\Users\ADMIN\.m2\repository\jakarta\transaction\jakarta.transaction-api\2.0.1\jakarta.transaction-api-2.0.1.jar;C:\Users\ADMIN\.m2\repository\com\fasterxml\jackson\core\jackson-core\2.18.3\jackson-core-2.18.3.jar;C:\Users\ADMIN\.m2\repository\com\fasterxml\jackson\core\jackson-databind\2.18.3\jackson-databind-2.18.3.jar;C:\Users\ADMIN\.m2\repository\com\fasterxml\jackson\datatype\jackson-datatype-hppc\2.18.3\jackson-datatype-hppc-2.18.3.jar;C:\Users\ADMIN\.m2\repository\com\carrotsearch\hppc\0.9.1\hppc-0.9.1.jar;C:\Users\ADMIN\.m2\repository\com\fasterxml\jackson\datatype\jackson-datatype-jsr310\2.18.3\jackson-datatype-jsr310-2.18.3.jar;C:\Users\ADMIN\.m2\repository\com\fasterxml\jackson\core\jackson-annotations\2.18.3\jackson-annotations-2.18.3.jar;C:\Users\ADMIN\.m2\repository\com\fasterxml\jackson\module\jackson-module-jaxb-annotations\2.18.3\jackson-module-jaxb-annotations-2.18.3.jar;C:\Users\ADMIN\.m2\repository\javax\xml\bind\jaxb-api\2.2.12\jaxb-api-2.2.12.jar;C:\Users\ADMIN\.m2\repository\jakarta\activation\jakarta.activation-api\2.1.3\jakarta.activation-api-2.1.3.jar;C:\Users\ADMIN\.m2\repository\com\zaxxer\HikariCP\6.3.0\HikariCP-6.3.0.jar;C:\Users\ADMIN\.m2\repository\org\slf4j\slf4j-api\2.0.17\slf4j-api-2.0.17.jar;C:\Users\ADMIN\.m2\repository\io\micrometer\micrometer-registry-prometheus-simpleclient\1.14.6\micrometer-registry-prometheus-simpleclient-1.14.6.jar;C:\Users\ADMIN\.m2\repository\io\micrometer\micrometer-core\1.14.6\micrometer-core-1.14.6.jar;C:\Users\ADMIN\.m2\repository\org\hdrhistogram\HdrHistogram\2.2.2\HdrHistogram-2.2.2.jar;C:\Users\ADMIN\.m2\repository\org\latencyutils\LatencyUtils\2.0.3\LatencyUtils-2.0.3.jar;C:\Users\ADMIN\.m2\repository\io\prometheus\simpleclient_common\0.16.0\simpleclient_common-0.16.0.jar;C:\Users\ADMIN\.m2\repository\io\prometheus\simpleclient\0.16.0\simpleclient-0.16.0.jar;C:\Users\ADMIN\.m2\repository\io\prometheus\simpleclient_tracer_otel\0.16.0\simpleclient_tracer_otel-0.16.0.jar;C:\Users\ADMIN\.m2\repository\io\prometheus\simpleclient_tracer_common\0.16.0\simpleclient_tracer_common-0.16.0.jar;C:\Users\ADMIN\.m2\repository\io\prometheus\simpleclient_tracer_otel_agent\0.16.0\simpleclient_tracer_otel_agent-0.16.0.jar;C:\Users\ADMIN\.m2\repository\jakarta\annotation\jakarta.annotation-api\2.1.1\jakarta.annotation-api-2.1.1.jar;C:\Users\ADMIN\.m2\repository\org\apache\commons\commons-lang3\3.17.0\commons-lang3-3.17.0.jar;C:\Users\ADMIN\.m2\repository\org\glassfish\jaxb\jaxb-runtime\4.0.5\jaxb-runtime-4.0.5.jar;C:\Users\ADMIN\.m2\repository\org\glassfish\jaxb\jaxb-core\4.0.5\jaxb-core-4.0.5.jar;C:\Users\ADMIN\.m2\repository\org\glassfish\jaxb\txw2\4.0.5\txw2-4.0.5.jar;C:\Users\ADMIN\.m2\repository\com\sun\istack\istack-commons-runtime\4.1.2\istack-commons-runtime-4.1.2.jar;C:\Users\ADMIN\.m2\repository\org\hibernate\orm\hibernate-core\6.6.18.Final\hibernate-core-6.6.18.Final.jar;C:\Users\ADMIN\.m2\repository\jakarta\persistence\jakarta.persistence-api\3.1.0\jakarta.persistence-api-3.1.0.jar;C:\Users\ADMIN\.m2\repository\org\jboss\logging\jboss-logging\3.6.1.Final\jboss-logging-3.6.1.Final.jar;C:\Users\ADMIN\.m2\repository\org\hibernate\common\hibernate-commons-annotations\7.0.3.Final\hibernate-commons-annotations-7.0.3.Final.jar;C:\Users\ADMIN\.m2\repository\io\smallrye\jandex\3.2.0\jandex-3.2.0.jar;C:\Users\ADMIN\.m2\repository\com\fasterxml\classmate\1.7.0\classmate-1.7.0.jar;C:\Users\ADMIN\.m2\repository\net\bytebuddy\byte-buddy\1.17.6\byte-buddy-1.17.6.jar;C:\Users\ADMIN\.m2\repository\jakarta\inject\jakarta.inject-api\2.0.1\jakarta.inject-api-2.0.1.jar;C:\Users\ADMIN\.m2\repository\org\antlr\antlr4-runtime\4.13.0\antlr4-runtime-4.13.0.jar;C:\Users\ADMIN\.m2\repository\org\hibernate\orm\hibernate-jpamodelgen\6.6.18.Final\hibernate-jpamodelgen-6.6.18.Final.jar;C:\Users\ADMIN\.m2\repository\jakarta\validation\jakarta.validation-api\3.0.2\jakarta.validation-api-3.0.2.jar;C:\Users\ADMIN\.m2\repository\org\hibernate\validator\hibernate-validator\8.0.2.Final\hibernate-validator-8.0.2.Final.jar;C:\Users\ADMIN\.m2\repository\org\liquibase\liquibase-core\4.31.1\liquibase-core-4.31.1.jar;C:\Users\ADMIN\.m2\repository\com\opencsv\opencsv\5.9\opencsv-5.9.jar;C:\Users\ADMIN\.m2\repository\org\yaml\snakeyaml\2.4\snakeyaml-2.4.jar;C:\Users\ADMIN\.m2\repository\org\apache\commons\commons-collections4\4.4\commons-collections4-4.4.jar;C:\Users\ADMIN\.m2\repository\org\apache\commons\commons-text\1.13.0\commons-text-1.13.0.jar;C:\Users\ADMIN\.m2\repository\commons-io\commons-io\2.18.0\commons-io-2.18.0.jar;C:\Users\ADMIN\.m2\repository\org\mapstruct\mapstruct\1.6.3\mapstruct-1.6.3.jar;C:\Users\ADMIN\.m2\repository\org\mapstruct\mapstruct-processor\1.6.3\mapstruct-processor-1.6.3.jar;C:\Users\ADMIN\.m2\repository\org\postgresql\postgresql\42.7.7\postgresql-42.7.7.jar;C:\Users\ADMIN\.m2\repository\org\checkerframework\checker-qual\3.49.3\checker-qual-3.49.3.jar;C:\Users\ADMIN\.m2\repository\org\redisson\redisson\3.46.0\redisson-3.46.0.jar;C:\Users\ADMIN\.m2\repository\io\netty\netty-common\4.1.119.Final\netty-common-4.1.119.Final.jar;C:\Users\ADMIN\.m2\repository\io\netty\netty-codec\4.1.119.Final\netty-codec-4.1.119.Final.jar;C:\Users\ADMIN\.m2\repository\io\netty\netty-buffer\4.1.119.Final\netty-buffer-4.1.119.Final.jar;C:\Users\ADMIN\.m2\repository\io\netty\netty-transport\4.1.119.Final\netty-transport-4.1.119.Final.jar;C:\Users\ADMIN\.m2\repository\io\netty\netty-resolver\4.1.119.Final\netty-resolver-4.1.119.Final.jar;C:\Users\ADMIN\.m2\repository\io\netty\netty-handler\4.1.119.Final\netty-handler-4.1.119.Final.jar;C:\Users\ADMIN\.m2\repository\javax\cache\cache-api\1.1.1\cache-api-1.1.1.jar;C:\Users\ADMIN\.m2\repository\org\reactivestreams\reactive-streams\1.0.4\reactive-streams-1.0.4.jar;C:\Users\ADMIN\.m2\repository\io\reactivex\rxjava3\rxjava\3.1.10\rxjava-3.1.10.jar;C:\Users\ADMIN\.m2\repository\com\esotericsoftware\kryo\5.6.2\kryo-5.6.2.jar;C:\Users\ADMIN\.m2\repository\com\esotericsoftware\reflectasm\1.11.9\reflectasm-1.11.9.jar;C:\Users\ADMIN\.m2\repository\com\esotericsoftware\minlog\1.3.1\minlog-1.3.1.jar;C:\Users\ADMIN\.m2\repository\com\fasterxml\jackson\dataformat\jackson-dataformat-yaml\2.18.3\jackson-dataformat-yaml-2.18.3.jar;C:\Users\ADMIN\.m2\repository\org\jodd\jodd-util\6.3.0\jodd-util-6.3.0.jar;C:\Users\ADMIN\.m2\repository\org\springframework\cloud\spring-cloud-starter\4.3.0\spring-cloud-starter-4.3.0.jar;C:\Users\ADMIN\.m2\repository\org\springframework\cloud\spring-cloud-context\4.3.0\spring-cloud-context-4.3.0.jar;C:\Users\ADMIN\.m2\repository\org\springframework\cloud\spring-cloud-commons\4.3.0\spring-cloud-commons-4.3.0.jar;C:\Users\ADMIN\.m2\repository\org\bouncycastle\bcprov-jdk18on\1.80\bcprov-jdk18on-1.80.jar;C:\Users\ADMIN\.m2\repository\org\springframework\cloud\spring-cloud-starter-circuitbreaker-resilience4j\3.3.0\spring-cloud-starter-circuitbreaker-resilience4j-3.3.0.jar;C:\Users\ADMIN\.m2\repository\org\springframework\cloud\spring-cloud-circuitbreaker-resilience4j\3.3.0\spring-cloud-circuitbreaker-resilience4j-3.3.0.jar;C:\Users\ADMIN\.m2\repository\io\github\resilience4j\resilience4j-circuitbreaker\2.2.0\resilience4j-circuitbreaker-2.2.0.jar;C:\Users\ADMIN\.m2\repository\io\github\resilience4j\resilience4j-core\2.2.0\resilience4j-core-2.2.0.jar;C:\Users\ADMIN\.m2\repository\io\github\resilience4j\resilience4j-timelimiter\2.2.0\resilience4j-timelimiter-2.2.0.jar;C:\Users\ADMIN\.m2\repository\org\springframework\cloud\spring-cloud-starter-netflix-eureka-client\4.3.0\spring-cloud-starter-netflix-eureka-client-4.3.0.jar;C:\Users\ADMIN\.m2\repository\org\springframework\cloud\spring-cloud-netflix-eureka-client\4.3.0\spring-cloud-netflix-eureka-client-4.3.0.jar;C:\Users\ADMIN\.m2\repository\org\apache\httpcomponents\client5\httpclient5\5.5\httpclient5-5.5.jar;C:\Users\ADMIN\.m2\repository\org\apache\httpcomponents\core5\httpcore5\5.3.4\httpcore5-5.3.4.jar;C:\Users\ADMIN\.m2\repository\org\apache\httpcomponents\core5\httpcore5-h2\5.3.4\httpcore5-h2-5.3.4.jar;C:\Users\ADMIN\.m2\repository\com\netflix\eureka\eureka-client\2.0.4\eureka-client-2.0.4.jar;C:\Users\ADMIN\.m2\repository\com\thoughtworks\xstream\xstream\1.4.20\xstream-1.4.20.jar;C:\Users\ADMIN\.m2\repository\io\github\x-stream\mxparser\1.2.2\mxparser-1.2.2.jar;C:\Users\ADMIN\.m2\repository\xmlpull\xmlpull\1.1.3.1\xmlpull-1.1.3.1.jar;C:\Users\ADMIN\.m2\repository\jakarta\ws\rs\jakarta.ws.rs-api\3.1.0\jakarta.ws.rs-api-3.1.0.jar;C:\Users\ADMIN\.m2\repository\com\netflix\spectator\spectator-api\1.7.3\spectator-api-1.7.3.jar;C:\Users\ADMIN\.m2\repository\org\apache\httpcomponents\httpclient\4.5.3\httpclient-4.5.3.jar;C:\Users\ADMIN\.m2\repository\commons-configuration\commons-configuration\1.10\commons-configuration-1.10.jar;C:\Users\ADMIN\.m2\repository\commons-lang\commons-lang\2.6\commons-lang-2.6.jar;C:\Users\ADMIN\.m2\repository\com\netflix\netflix-commons\netflix-eventbus\0.3.0\netflix-eventbus-0.3.0.jar;C:\Users\ADMIN\.m2\repository\com\netflix\netflix-commons\netflix-infix\0.3.0\netflix-infix-0.3.0.jar;C:\Users\ADMIN\.m2\repository\commons-jxpath\commons-jxpath\1.3\commons-jxpath-1.3.jar;C:\Users\ADMIN\.m2\repository\joda-time\joda-time\2.3\joda-time-2.3.jar;C:\Users\ADMIN\.m2\repository\org\antlr\antlr-runtime\3.4\antlr-runtime-3.4.jar;C:\Users\ADMIN\.m2\repository\org\antlr\stringtemplate\3.2.1\stringtemplate-3.2.1.jar;C:\Users\ADMIN\.m2\repository\antlr\antlr\2.7.7\antlr-2.7.7.jar;C:\Users\ADMIN\.m2\repository\com\netflix\servo\servo-core\0.5.3\servo-core-0.5.3.jar;C:\Users\ADMIN\.m2\repository\org\apache\commons\commons-math\2.2\commons-math-2.2.jar;C:\Users\ADMIN\.m2\repository\org\codehaus\jettison\jettison\1.5.4\jettison-1.5.4.jar;C:\Users\ADMIN\.m2\repository\org\springframework\cloud\spring-cloud-starter-loadbalancer\4.3.0\spring-cloud-starter-loadbalancer-4.3.0.jar;C:\Users\ADMIN\.m2\repository\org\springframework\cloud\spring-cloud-loadbalancer\4.3.0\spring-cloud-loadbalancer-4.3.0.jar;C:\Users\ADMIN\.m2\repository\io\projectreactor\addons\reactor-extra\3.5.2\reactor-extra-3.5.2.jar;C:\Users\ADMIN\.m2\repository\com\stoyanr\evictor\1.0.0\evictor-1.0.0.jar;C:\Users\ADMIN\.m2\repository\org\springframework\retry\spring-retry\2.0.12\spring-retry-2.0.12.jar;C:\Users\ADMIN\.m2\repository\org\jetbrains\annotations\17.0.0\annotations-17.0.0.jar;C:\Users\ADMIN\.m2\repository\org\projectlombok\lombok\1.18.38\lombok-1.18.38.jar;C:\Users\ADMIN\.m2\repository\io\github\cdimascio\dotenv-java\3.0.0\dotenv-java-3.0.0.jar;F:\Document\TASC\Backend\springfood-microservice\common\target\classes;C:\Users\ADMIN\.m2\repository\io\jsonwebtoken\jjwt-api\0.11.5\jjwt-api-0.11.5.jar;C:\Users\ADMIN\.m2\repository\io\jsonwebtoken\jjwt-impl\0.11.5\jjwt-impl-0.11.5.jar;C:\Users\ADMIN\.m2\repository\io\jsonwebtoken\jjwt-jackson\0.11.5\jjwt-jackson-0.11.5.jar;C:\Users\ADMIN\.m2\repository\org\mongodb\bson\5.2.1\bson-5.2.1.jar;C:\Users\ADMIN\.m2\repository\io\grpc\grpc-stub\1.76.0\grpc-stub-1.76.0.jar;C:\Users\ADMIN\.m2\repository\io\grpc\grpc-api\1.76.0\grpc-api-1.76.0.jar;C:\Users\ADMIN\.m2\repository\org\codehaus\mojo\animal-sniffer-annotations\1.24\animal-sniffer-annotations-1.24.jar;C:\Users\ADMIN\.m2\repository\com\google\guava\guava\33.4.8-android\guava-33.4.8-android.jar;C:\Users\ADMIN\.m2\repository\org\jspecify\jspecify\1.0.0\jspecify-1.0.0.jar;C:\Users\ADMIN\.m2\repository\com\google\errorprone\error_prone_annotations\2.36.0\error_prone_annotations-2.36.0.jar;C:\Users\ADMIN\.m2\repository\io\grpc\grpc-protobuf\1.76.0\grpc-protobuf-1.76.0.jar;C:\Users\ADMIN\.m2\repository\com\google\code\findbugs\jsr305\3.0.2\jsr305-3.0.2.jar;C:\Users\ADMIN\.m2\repository\com\google\api\grpc\proto-google-common-protos\2.59.2\proto-google-common-protos-2.59.2.jar;C:\Users\ADMIN\.m2\repository\io\grpc\grpc-protobuf-lite\1.76.0\grpc-protobuf-lite-1.76.0.jar;C:\Users\ADMIN\.m2\repository\com\google\protobuf\protobuf-java\3.25.1\protobuf-java-3.25.1.jar;C:\Users\ADMIN\.m2\repository\javax\annotation\javax.annotation-api\1.3.2\javax.annotation-api-1.3.2.jar;C:\Users\ADMIN\.m2\repository\io\minio\minio\8.5.10\minio-8.5.10.jar;C:\Users\ADMIN\.m2\repository\com\carrotsearch\thirdparty\simple-xml-safe\2.7.1\simple-xml-safe-2.7.1.jar;C:\Users\ADMIN\.m2\repository\com\squareup\okhttp3\okhttp\4.12.0\okhttp-4.12.0.jar;C:\Users\ADMIN\.m2\repository\com\squareup\okio\okio\3.6.0\okio-3.6.0.jar;C:\Users\ADMIN\.m2\repository\com\squareup\okio\okio-jvm\3.6.0\okio-jvm-3.6.0.jar;C:\Users\ADMIN\.m2\repository\org\jetbrains\kotlin\kotlin-stdlib-common\1.9.25\kotlin-stdlib-common-1.9.25.jar;C:\Users\ADMIN\.m2\repository\org\jetbrains\kotlin\kotlin-stdlib-jdk8\1.9.25\kotlin-stdlib-jdk8-1.9.25.jar;C:\Users\ADMIN\.m2\repository\org\jetbrains\kotlin\kotlin-stdlib\1.9.25\kotlin-stdlib-1.9.25.jar;C:\Users\ADMIN\.m2\repository\org\jetbrains\kotlin\kotlin-stdlib-jdk7\1.9.25\kotlin-stdlib-jdk7-1.9.25.jar;C:\Users\ADMIN\.m2\repository\com\google\code\gson\gson\2.13.1\gson-2.13.1.jar;F:\Document\TASC\Backend\springfood-microservice\client\target\classes;C:\Users\ADMIN\.m2\repository\org\springframework\boot\spring-boot-autoconfigure\3.5.2\spring-boot-autoconfigure-3.5.2.jar;C:\Users\ADMIN\.m2\repository\org\springframework\cloud\spring-cloud-starter-openfeign\4.3.0\spring-cloud-starter-openfeign-4.3.0.jar;C:\Users\ADMIN\.m2\repository\org\springframework\cloud\spring-cloud-openfeign-core\4.3.0\spring-cloud-openfeign-core-4.3.0.jar;C:\Users\ADMIN\.m2\repository\io\github\openfeign\feign-form-spring\13.6\feign-form-spring-13.6.jar;C:\Users\ADMIN\.m2\repository\io\github\openfeign\feign-form\13.6\feign-form-13.6.jar;C:\Users\ADMIN\.m2\repository\commons-fileupload\commons-fileupload\1.5\commons-fileupload-1.5.jar;C:\Users\ADMIN\.m2\repository\io\github\openfeign\feign-core\13.6\feign-core-13.6.jar;C:\Users\ADMIN\.m2\repository\io\github\openfeign\feign-slf4j\13.6\feign-slf4j-13.6.jar;C:\Users\ADMIN\.m2\repository\io\github\openfeign\feign-jackson\13.6\feign-jackson-13.6.jar;C:\Users\ADMIN\.m2\repository\io\github\openfeign\feign-okhttp\13.6\feign-okhttp-13.6.jar;C:\Users\ADMIN\.m2\repository\net\devh\grpc-spring-boot-starter\3.1.0.RELEASE\grpc-spring-boot-starter-3.1.0.RELEASE.jar;C:\Users\ADMIN\.m2\repository\net\devh\grpc-server-spring-boot-starter\3.1.0.RELEASE\grpc-server-spring-boot-starter-3.1.0.RELEASE.jar;C:\Users\ADMIN\.m2\repository\net\devh\grpc-common-spring-boot\3.1.0.RELEASE\grpc-common-spring-boot-3.1.0.RELEASE.jar;C:\Users\ADMIN\.m2\repository\net\devh\grpc-client-spring-boot-starter\3.1.0.RELEASE\grpc-client-spring-boot-starter-3.1.0.RELEASE.jar;C:\Users\ADMIN\.m2\repository\io\grpc\grpc-netty-shaded\1.76.0\grpc-netty-shaded-1.76.0.jar;C:\Users\ADMIN\.m2\repository\io\grpc\grpc-util\1.76.0\grpc-util-1.76.0.jar;C:\Users\ADMIN\.m2\repository\io\grpc\grpc-core\1.76.0\grpc-core-1.76.0.jar;C:\Users\ADMIN\.m2\repository\io\perfmark\perfmark-api\0.27.0\perfmark-api-0.27.0.jar;C:\Users\ADMIN\.m2\repository\com\google\protobuf\protobuf-java-util\3.25.1\protobuf-java-util-3.25.1.jar;C:\Users\ADMIN\.m2\repository\com\google\j2objc\j2objc-annotations\2.8\j2objc-annotations-2.8.jar;C:\Users\ADMIN\.m2\repository\io\grpc\grpc-services\1.76.0\grpc-services-1.76.0.jar;C:\Users\ADMIN\.m2\repository\io\github\resilience4j\resilience4j-spring-boot3\2.2.0\resilience4j-spring-boot3-2.2.0.jar;C:\Users\ADMIN\.m2\repository\io\github\resilience4j\resilience4j-spring6\2.2.0\resilience4j-spring6-2.2.0.jar;C:\Users\ADMIN\.m2\repository\io\github\resilience4j\resilience4j-annotations\2.2.0\resilience4j-annotations-2.2.0.jar;C:\Users\ADMIN\.m2\repository\io\github\resilience4j\resilience4j-consumer\2.2.0\resilience4j-consumer-2.2.0.jar;C:\Users\ADMIN\.m2\repository\io\github\resilience4j\resilience4j-circularbuffer\2.2.0\resilience4j-circularbuffer-2.2.0.jar;C:\Users\ADMIN\.m2\repository\io\github\resilience4j\resilience4j-framework-common\2.2.0\resilience4j-framework-common-2.2.0.jar;C:\Users\ADMIN\.m2\repository\io\github\resilience4j\resilience4j-micrometer\2.2.0\resilience4j-micrometer-2.2.0.jar;C:\Users\ADMIN\.m2\repository\io\github\resilience4j\resilience4j-feign\2.2.0\resilience4j-feign-2.2.0.jar;C:\Users\ADMIN\.m2\repository\io\github\resilience4j\resilience4j-retry\2.2.0\resilience4j-retry-2.2.0.jar;C:\Users\ADMIN\.m2\repository\io\github\resilience4j\resilience4j-ratelimiter\2.2.0\resilience4j-ratelimiter-2.2.0.jar;C:\Users\ADMIN\.m2\repository\io\github\resilience4j\resilience4j-bulkhead\2.2.0\resilience4j-bulkhead-2.2.0.jar;C:\Users\ADMIN\.m2\repository\io\micrometer\micrometer-registry-prometheus\1.14.6\micrometer-registry-prometheus-1.14.6.jar;C:\Users\ADMIN\.m2\repository\io\prometheus\prometheus-metrics-core\1.3.6\prometheus-metrics-core-1.3.6.jar;C:\Users\ADMIN\.m2\repository\io\prometheus\prometheus-metrics-model\1.3.6\prometheus-metrics-model-1.3.6.jar;C:\Users\ADMIN\.m2\repository\io\prometheus\prometheus-metrics-config\1.3.6\prometheus-metrics-config-1.3.6.jar;C:\Users\ADMIN\.m2\repository\io\prometheus\prometheus-metrics-tracer-common\1.3.6\prometheus-metrics-tracer-common-1.3.6.jar;C:\Users\ADMIN\.m2\repository\io\prometheus\prometheus-metrics-exposition-formats\1.3.6\prometheus-metrics-exposition-formats-1.3.6.jar;C:\Users\ADMIN\.m2\repository\io\prometheus\prometheus-metrics-exposition-textformats\1.3.6\prometheus-metrics-exposition-textformats-1.3.6.jar;C:\Users\ADMIN\.m2\repository\io\opentelemetry\opentelemetry-api\1.43.0\opentelemetry-api-1.43.0.jar;C:\Users\ADMIN\.m2\repository\io\opentelemetry\opentelemetry-context\1.43.0\opentelemetry-context-1.43.0.jar;C:\Users\ADMIN\.m2\repository\io\opentelemetry\opentelemetry-sdk\1.43.0\opentelemetry-sdk-1.43.0.jar;C:\Users\ADMIN\.m2\repository\io\opentelemetry\opentelemetry-sdk-common\1.43.0\opentelemetry-sdk-common-1.43.0.jar;C:\Users\ADMIN\.m2\repository\io\opentelemetry\opentelemetry-sdk-trace\1.43.0\opentelemetry-sdk-trace-1.43.0.jar;C:\Users\ADMIN\.m2\repository\io\opentelemetry\opentelemetry-api-incubator\1.43.0-alpha\opentelemetry-api-incubator-1.43.0-alpha.jar;C:\Users\ADMIN\.m2\repository\io\opentelemetry\opentelemetry-sdk-metrics\1.43.0\opentelemetry-sdk-metrics-1.43.0.jar;C:\Users\ADMIN\.m2\repository\io\opentelemetry\opentelemetry-sdk-logs\1.43.0\opentelemetry-sdk-logs-1.43.0.jar;C:\Users\ADMIN\.m2\repository\io\opentelemetry\instrumentation\opentelemetry-grpc-1.6\1.31.0-alpha\opentelemetry-grpc-1.6-1.31.0-alpha.jar;C:\Users\ADMIN\.m2\repository\io\opentelemetry\instrumentation\opentelemetry-instrumentation-api\1.31.0\opentelemetry-instrumentation-api-1.31.0.jar;C:\Users\ADMIN\.m2\repository\io\opentelemetry\opentelemetry-extension-incubator\1.31.0-alpha\opentelemetry-extension-incubator-1.31.0-alpha.jar;C:\Users\ADMIN\.m2\repository\io\opentelemetry\instrumentation\opentelemetry-instrumentation-api-semconv\1.31.0-alpha\opentelemetry-instrumentation-api-semconv-1.31.0-alpha.jar;C:\Users\ADMIN\.m2\repository\io\opentelemetry\semconv\opentelemetry-semconv\1.21.0-alpha\opentelemetry-semconv-1.21.0-alpha.jar;C:\Users\ADMIN\.m2\repository\org\json\json\20231013\json-20231013.jar;C:\Users\ADMIN\.m2\repository\org\reflections\reflections\0.10.2\reflections-0.10.2.jar;C:\Users\ADMIN\.m2\repository\org\javassist\javassist\3.28.0-GA\javassist-3.28.0-GA.jar;C:\Users\ADMIN\.m2\repository\com\auth0\java-jwt\4.4.0\java-jwt-4.4.0.jar;C:\Users\ADMIN\.m2\repository\org\springframework\boot\spring-boot-devtools\3.5.2\spring-boot-devtools-3.5.2.jar;C:\Users\ADMIN\.m2\repository\org\springframework\boot\spring-boot-docker-compose\3.5.2\spring-boot-docker-compose-3.5.2.jar;C:\Users\ADMIN\.m2\repository\com\fasterxml\jackson\module\jackson-module-parameter-names\2.18.3\jackson-module-parameter-names-2.18.3.jar
Launcher Type: SUN_STANDARD

[Global flags]
     intx CICompilerCount                          = 12                                        {product} {ergonomic}
     uint ConcGCThreads                            = 3                                         {product} {ergonomic}
     uint G1ConcRefinementThreads                  = 13                                        {product} {ergonomic}
   size_t G1HeapRegionSize                         = 4194304                                   {product} {ergonomic}
    uintx GCDrainStackTargetSize                   = 64                                        {product} {ergonomic}
   size_t InitialHeapSize                          = 469762048                                 {product} {ergonomic}
     bool ManagementServer                         = true                                      {product} {command line}
   size_t MarkStackSize                            = 4194304                                   {product} {ergonomic}
   size_t MaxHeapSize                              = 7465861120                                {product} {ergonomic}
   size_t MaxNewSize                               = 4479516672                                {product} {ergonomic}
   size_t MinHeapDeltaBytes                        = 4194304                                   {product} {ergonomic}
   size_t MinHeapSize                              = 8388608                                   {product} {ergonomic}
    uintx NonNMethodCodeHeapSize                   = 4096                                   {pd product} {ergonomic}
    uintx NonProfiledCodeHeapSize                  = 0                                      {pd product} {ergonomic}
     bool ProfileInterpreter                       = false                                  {pd product} {command line}
    uintx ProfiledCodeHeapSize                     = 0                                      {pd product} {ergonomic}
   size_t SoftMaxHeapSize                          = 7465861120                             {manageable} {ergonomic}
     intx TieredStopAtLevel                        = 1                                         {product} {command line}
     bool UseCompressedOops                        = true                           {product lp64_product} {ergonomic}
     bool UseG1GC                                  = true                                      {product} {ergonomic}
     bool UseLargePagesIndividualAllocation        = false                                  {pd product} {ergonomic}

Logging:
Log output configuration:
 #0: stdout all=warning uptime,level,tags foldmultilines=false
 #1: stderr all=off uptime,level,tags foldmultilines=false

Release file:
IMPLEMENTOR="Eclipse Adoptium" 
IMPLEMENTOR_VERSION="Temurin-21.0.11+10" 
JAVA_RUNTIME_VERSION="21.0.11+10-LTS" 
JAVA_VERSION="21.0.11" 
JAVA_VERSION_DATE="2026-04-21" 
LIBC="default" 
MODULES="java.base java.compiler java.datatransfer java.xml java.prefs java.desktop java.instrument java.logging java.management java.security.sasl java.naming java.rmi java.management.rmi java.net.http java.scripting java.security.jgss java.transaction.xa java.sql java.sql.rowset java.xml.crypto java.se java.smartcardio jdk.accessibility jdk.internal.jvmstat jdk.attach jdk.charsets jdk.internal.opt jdk.zipfs jdk.compiler jdk.crypto.ec jdk.crypto.cryptoki jdk.crypto.mscapi jdk.dynalink jdk.internal.ed jdk.editpad jdk.hotspot.agent jdk.httpserver jdk.incubator.vector jdk.internal.le jdk.internal.vm.ci jdk.internal.vm.compiler jdk.internal.vm.compiler.management jdk.jartool jdk.javadoc jdk.jcmd jdk.management jdk.management.agent jdk.jconsole jdk.jdeps jdk.jdwp.agent jdk.jdi jdk.jfr jdk.jlink jdk.jpackage jdk.jshell jdk.jsobject jdk.jstatd jdk.localedata jdk.management.jfr jdk.naming.dns jdk.naming.rmi jdk.net jdk.nio.mapmode jdk.random jdk.sctp jdk.security.auth jdk.security.jgss jdk.unsupported jdk.unsupported.desktop jdk.xml.dom" 
OS_ARCH="x86_64" 
OS_NAME="Windows" 
SOURCE=".:git:254494ad7d75" 
BUILD_SOURCE="git:a612825ee82a20ac872d60958c349854c1f29a8e"
BUILD_SOURCE_REPO="https://github.com/adoptium/temurin-build.git"
SOURCE_REPO="https://github.com/adoptium/jdk21u.git"
FULL_VERSION="21.0.11+10-LTS"
SEMANTIC_VERSION="21.0.11+10"
BUILD_INFO="OS: Windows Server 2022 Version: 10.0"
JVM_VARIANT="Hotspot"
JVM_VERSION="21.0.11+10-LTS"
IMAGE_TYPE="JDK"

Environment Variables:
JAVA_HOME=C:\Program Files\Java\jdk-21.0.10.7-hotspot
PATH=C:\Program Files (x86)\Common Files\Oracle\Java\java8path;C:\Program Files (x86)\Common Files\Oracle\Java\javapath;C:\Program Files\Java\jdk-21.0.10.7-hotspot\bin;F:\Downloads\WINDOWS.X64_213000_db_home\bin;C:\WINDOWS\system32;C:\WINDOWS;C:\WINDOWS\System32\Wbem;C:\WINDOWS\System32\WindowsPowerShell\v1.0\;C:\WINDOWS\System32\OpenSSH\;C:\Windows_PCTrans\System32;C:\Windows_PCTrans\SysWOW64;C:\Program Files\dotnet\;C:\Program Files\nodejs\;C:\Program Files\Apache\Maven\apache-maven-3.9.11\bin;D:\Program Files\common;C:\Program Files\cursor\resources\app\bin;C:\Program Files\Microsoft SQL Server\170\Tools\Binn\;C:\Program Files\Microsoft SQL Server\Client SDK\ODBC\170\Tools\Binn\;C:\Program Files\TortoiseGit\bin;C:\Program Files\PuTTY\;C:\Program Files\Docker\Docker\resources\bin;C:\Program Files\PowerShell\7\;C:\Program Files\Git\cmd;C:\Program Files\PowerShell\7;C:\WINDOWS\system32;C:\WINDOWS;C:\WINDOWS\System32\Wbem;C:\WINDOWS\System32\WindowsPowerShell\v1.0\;C:\WINDOWS\System32\OpenSSH\;C:\Windows_PCTrans\System32;C:\Windows_PCTrans\SysWOW64;C:\Program Files\dotnet\;C:\Program Files\Docker\Docker\resources\bin;C:\Program Files\PowerShell\7\;C:\Program Files\Git\cmd;C:\Program Files\nodejs\;C:\Program Files\Apache\Maven\apache-maven-3.9.11\bin;C:\Program Files\Java\jdk-23\bin;D:\Program Files\common;C:\Program Files\cursor\resources\app\bin;C:\Program Files\Microsoft SQL Server\170\Tools\Binn\;C:\Program Files\Microsoft SQL Server\Client SDK\ODBC\170\Tools\Binn\;C:\Program Files\TortoiseGit\bin;C:\Users\ADMIN\.local\bin;C:\Users\ADMIN\AppData\Local\Programs\Python\Python314\Scripts\;C:\Users\ADMIN\AppData\Local\Programs\Python\Python314\;C:\Users\ADMIN\AppData\Local\Programs\oh-my-posh\bin\;C:\Users\ADMIN\AppData\Local\Microsoft\WindowsApps;C:\Users\admin\AppData\Local\Programs\Microsoft VS Code\bin;F:\Program Files\JetBrains\IntelliJ IDEA 2025.2.4\bin;F:\Program Files\JetBrains\DataGrip 2025.2.4\bin;F:\Program Files\JetBrains\WebStorm 2025.2.3\bin;C:\Users\ADMIN\AppData\Roaming\npm;C:\Users\ADMIN\.dotnet\tools;F:\Program Files\JetBrains\PyCharm 2025.2.4\bin;C:\Users\ADMIN\AppData\Local\GitHubDesktop\bin;F:\Users\ADMIN\AppData\Local\Programs\Kiro\bin;C:\Users\ADMIN\AppData\Local\Microsoft\WinGet\Packages\astral-sh.uv_Microsoft.Winget.Source_8wekyb3d8bbwe;F:\Users\ADMIN\AppData\Local\Programs\Antigravity\bin;C:\Users\ADMIN;C:\Users\ADMIN\.dotnet\tools;F:\Program Files\JetBrains\IntelliJ IDEA 2026.1\bin;C:\Users\ADMIN\AppData\Local\Microsoft\WindowsApps;C:\Users\ADMIN\AppData\Local\Google\Cloud SDK\google-cloud-sdk\bin;C:\Users\ADMIN\AppData\Local\PowerToys\DSCModules\
USERNAME=ADMIN
OS=Windows_NT
PROCESSOR_IDENTIFIER=AMD64 Family 25 Model 117 Stepping 2, AuthenticAMD
TMP=C:\Users\ADMIN\AppData\Local\Temp
TEMP=C:\Users\ADMIN\AppData\Local\Temp




Periodic native trim disabled

---------------  S Y S T E M  ---------------

OS:
 Windows 11 , 64 bit Build 26100 (10.0.26100.8367)
OS uptime: 0 days 17:42 hours
Hyper-V role detected

CPU: total 16 (initial active 16) (16 cores per cpu, 2 threads per core) family 25 model 117 stepping 2 microcode 0xa70520a, cx8, cmov, fxsr, ht, mmx, 3dnowpref, sse, sse2, sse3, ssse3, sse4a, sse4.1, sse4.2, popcnt, lzcnt, tsc, tscinvbit, avx, avx2, aes, erms, clmul, bmi1, bmi2, adx, avx512f, avx512dq, avx512cd, avx512bw, avx512vl, sha, fma, vzeroupper, avx512_vpopcntdq, avx512_vpclmulqdq, avx512_vaes, avx512_vnni, clflush, clflushopt, avx512_vbmi2, avx512_vbmi, hv, rdtscp, rdpid, fsrm, gfni, avx512_bitalg, f16c, cet_ss, avx512_ifma
Processor Information for the first 16 processors :
  Max Mhz: 3801, Current Mhz: 3801, Mhz Limit: 3801

Memory: 4k page, system-wide physical 28464M (770M free)
TotalPageFile size 63318M (AvailPageFile size 991M)
current process WorkingSet (physical memory assigned to process): 2817M, peak: 3174M
current process commit charge ("private bytes"): 4483M, peak: 4488M

vm_info: OpenJDK 64-Bit Server VM (21.0.11+10-LTS) for windows-amd64 JRE (21.0.11+10-LTS), built on 2026-04-21T00:00:00Z by "admin" with MS VC++ 17.12 (VS2022)

END.
